season,week,contestant,fan_vote_estimate,certainty
1,2,Rachel Hunter,0.6666666666666666,1.0
1,2,Evander Holyfield,1.0,1.0
1,2,Trista Sutter,0.3333333333333333,1.0
1,3,Rachel Hunter,1.0,1.0
1,3,Evander Holyfield,0.5,1.0
2,1,Tatum O'Neal,1.0,1.0
2,1,Kenny Mayne,0.5714285714285714,1.0
2,1,Tia Carrere,0.2857142857142857,1.0
2,1,Lisa Rinna,0.42857142857142855,1.0
2,1,Master P,0.8571428571428571,1.0
2,1,Giselle Fernandez,0.14285714285714285,1.0
2,1,George Hamilton,0.7142857142857143,1.0
2,2,Tatum O'Neal,0.6666666666666666,1.0
2,2,Tia Carrere,0.3333333333333333,1.0
2,2,Lisa Rinna,0.8333333333333334,1.0
2,2,Master P,1.0,1.0
2,2,Giselle Fernandez,0.16666666666666666,1.0
2,2,George Hamilton,0.5,1.0
2,3,Tia Carrere,1.0,1.0
2,3,Lisa Rinna,0.4,1.0
2,3,Master P,0.8,1.0
2,3,Giselle Fernandez,0.2,1.0
2,3,George Hamilton,0.6,1.0
2,4,Master P,0.75,1.0
2,4,Tia Carrere,0.5,1.0
2,4,Lisa Rinna,0.25,1.0
2,4,George Hamilton,1.0,1.0
2,5,Tia Carrere,0.6666666666666666,1.0
2,5,Lisa Rinna,0.3333333333333333,1.0
2,5,George Hamilton,1.0,1.0
2,6,Lisa Rinna,1.0,1.0
2,6,George Hamilton,0.5,1.0
3,1,Harry Hamlin,0.0,0.0
3,1,Monique Coleman,0.0,0.0
3,1,Jerry Springer,1.0,0.0
3,1,Willa Ford,0.0,0.0
3,1,Tucker Carlson,0.0,0.8351061329787235
3,1,Shanna Moakler,0.0,0.0
3,1,Sara Evans,0.0,0.0
3,1,Vivica A. Fox,0.0,0.0
3,2,Harry Hamlin,0.006411256410256415,0.03205028205128213
3,2,Monique Coleman,0.0,0.03205228205128208
3,2,Jerry Springer,0.019231769230769233,0.03205028205128202
3,2,Willa Ford,0.0,0.03205228205128208
3,2,Shanna Moakler,0.0,0.8553110695970696
3,2,Sara Evans,0.006411256410256415,0.03205028205128213
3,2,Vivica A. Fox,0.967945717948718,0.03205228205128208
3,3,Harry Hamlin,0.0,0.819444111111111
3,3,Monique Coleman,0.0,0.00694444444444442
3,3,Jerry Springer,0.999999,0.006943444444444502
3,3,Willa Ford,1e-06,0.006943444444444391
3,3,Sara Evans,0.0,0.00694444444444442
3,3,Vivica A. Fox,0.0,0.00694444444444442
3,4,Monique Coleman,1e-06,0.05084745762711862
3,4,Jerry Springer,0.016950152542372893,0.0508464576271187
3,4,Willa Ford,0.0,0.05084845762711865
3,4,Sara Evans,0.9830488474576271,0.05084645762711859
3,4,Vivica A. Fox,0.0,0.8033894305084746
3,5,Sara Evans,0.26470613235294116,0.05882252941176469
3,5,Monique Coleman,0.2352943676470588,0.05882352941176472
3,5,Jerry Springer,0.26470613235294116,0.05882252941176469
3,5,Willa Ford,0.2352933676470588,0.7647053823529412
3,7,Monique Coleman,1.0,0.45999900000000005
3,7,Jerry Springer,0.0,0.45999899999999994
4,2,Paulina Porizkova,0.0,0.87499975
4,2,Ian Ziering,0.0,0.02381252380952381
4,2,John Ratzenberger,0.9761864761904762,0.023811523809523782
4,2,Leeza Gibbons,1e-06,0.023811523809523782
4,2,Billy Ray Cyrus,1e-06,0.023811523809523782
4,2,Heather Mills,0.0,0.02381252380952381
4,2,Shandi Finnessey,0.005953380952380959,0.023810523809523865
4,2,Clyde Drexler,0.017858142857142864,0.023810523809523865
4,3,Ian Ziering,0.0,0.040001000000000064
4,3,John Ratzenberger,0.006667666666666682,0.03999900000000001
4,3,Leeza Gibbons,0.0,0.040001000000000064
4,3,Billy Ray Cyrus,1e-06,0.040000000000000036
4,3,Heather Mills,0.0,0.040001000000000064
4,3,Shandi Finnessey,0.0,0.8542854285714285
4,3,Clyde Drexler,0.9933313333333333,0.03999900000000001
4,4,Ian Ziering,0.0,0.008695652173912993
4,4,John Ratzenberger,1e-06,0.008694652173912965
4,4,Leeza Gibbons,0.0,0.805796768115942
4,4,Billy Ray Cyrus,0.0,0.008695652173913104
4,4,Heather Mills,0.991302347826087,0.008695652173913104
4,4,Clyde Drexler,0.008696652173913048,0.008694652173913076
4,5,Ian Ziering,0.0,0.0
4,5,John Ratzenberger,0.0,0.0
4,5,Billy Ray Cyrus,0.0,0.0
4,5,Heather Mills,1.0,0.0
4,5,Clyde Drexler,0.0,0.7397845462365591
4,6,Ian Ziering,0.22413818103448277,0.06896551724137923
4,6,Billy Ray Cyrus,0.2586209396551724,0.06896351724137917
4,6,John Ratzenberger,0.2816094454022988,0.06896351724137928
4,6,Heather Mills,0.23563143390804597,0.764367316091954
4,7,Ian Ziering,0.0,0.051093890510948925
4,7,Billy Ray Cyrus,1.0,0.051093890510948925
4,7,John Ratzenberger,0.0,0.6617998199513382
4,8,Ian Ziering,1.0,0.4470578235294118
4,8,Billy Ray Cyrus,0.0,0.4470578235294117
5,1,Floyd Mayweather Jr. ,0.9625678449197861,0.0
5,1,Jane Seymour,0.0,0.0
5,1,Josie Maran,0.02673696791443851,0.8633390528817587
5,1,Albert Reed,-0.0,0.0
5,1,Wayne Newton,0.010695187165775402,0.0
5,1,Mark Cuban,0.0,0.0
5,1,Jennie Garth,0.0,0.0
5,1,Cameron Mathison,0.0,0.0
5,1,Sabrina Bryan,0.0,0.0
5,2,Floyd Mayweather Jr. ,0.12195134451219516,0.05488104878048794
5,2,Jane Seymour,0.12195134451219516,0.05488104878048794
5,2,Albert Reed,0.12195034451219516,0.8780485304878048
5,2,Wayne Newton,0.1585367103658537,0.05488004878048791
5,2,Mark Cuban,0.14024402743902442,0.05488004878048791
5,2,Jennie Garth,0.12195134451219516,0.05488104878048783
5,2,Cameron Mathison,0.12195134451219516,0.05488104878048794
5,2,Sabrina Bryan,0.09146353963414638,0.05488204878048797
5,3,Floyd Mayweather Jr. ,0.0,0.0
5,3,Jane Seymour,0.0,0.0
5,3,Wayne Newton,0.0,0.8253965396825397
5,3,Mark Cuban,0.0,0.0
5,3,Jennie Garth,0.0,0.0
5,3,Cameron Mathison,0.0,0.0
5,3,Sabrina Bryan,1.0,0.0
5,4,Floyd Mayweather Jr. ,0.0,0.8150534301075268
5,4,Jane Seymour,0.0,0.006450612903225794
5,4,Mark Cuban,1.0,0.006450612903225794
5,4,Jennie Garth,0.0,0.006450612903225794
5,4,Cameron Mathison,0.0,0.006450612903225794
5,4,Sabrina Bryan,0.0,0.006450612903225794
5,5,Jane Seymour,0.0,0.0
5,5,Mark Cuban,0.0,0.7666662666666667
5,5,Jennie Garth,0.0,0.0
5,5,Cameron Mathison,1.0,0.0
5,5,Sabrina Bryan,0.0,0.0
5,6,Jane Seymour,0.030304030303030333,0.03030203030303036
5,6,Sabrina Bryan,0.0,0.7525247525252525
5,6,Jennie Garth,0.0,0.030303030303030276
5,6,Cameron Mathison,0.9696959696969697,0.030302030303030247
5,7,Jane Seymour,0.0,0.6580079913419914
5,7,Jennie Garth,1.0,0.0
5,7,Cameron Mathison,0.0,0.0
5,8,Jennie Garth,1.0,0.5049494950495049
5,8,Cameron Mathison,0.0,0.504949495049505
6,2,Monica Seles,0.0,0.8435789849726776
6,2,Shannon Elizabeth,0.0,0.005463480874316917
6,2,Penn Jillette,0.0,0.8531418265027323
6,2,Marlee Matlin,0.0,0.005463480874316917
6,2,Adam Carolla,0.0,0.005463480874316917
6,2,Marissa Jaret Winokur,0.0,0.005463480874316917
6,2,Steve Guttenberg,0.005465480874316946,0.005463480874316917
6,2,Mario,0.0,0.005463480874316917
6,2,Priscilla Presley,0.994534519125683,0.005463480874316917
6,3,Shannon Elizabeth,0.0,0.013073895424836612
6,3,Marlee Matlin,1e-06,0.013072895424836584
6,3,Adam Carolla,1e-06,0.013072895424836584
6,3,Marissa Jaret Winokur,0.01307289542483661,0.013071895424836666
6,3,Steve Guttenberg,0.0,0.8515403305322129
6,3,Mario,1e-06,0.013072895424836584
6,3,Priscilla Presley,0.9869241045751633,0.013073895424836612
6,4,Shannon Elizabeth,0.0,0.0
6,4,Marlee Matlin,0.0,0.0
6,4,Adam Carolla,0.021275595744680853,0.8014181063829787
6,4,Marissa Jaret Winokur,0.0,0.0
6,4,Mario,0.9787244042553191,0.0
6,4,Priscilla Presley,0.0,0.0
6,5,Shannon Elizabeth,0.0,0.0
6,5,Marlee Matlin,0.0,0.0
6,5,Marissa Jaret Winokur,0.0,0.0
6,5,Mario,1.0,0.0
6,5,Priscilla Presley,0.0,0.7794867794871795
6,6,Marlee Matlin,0.0,0.7121207121212121
6,6,Shannon Elizabeth,0.0,0.0
6,6,Mario,0.0,0.0
6,6,Marissa Jaret Winokur,1.0,0.0
6,7,Shannon Elizabeth,0.0,0.6645014978354977
6,7,Mario,1.0,0.0
6,7,Marissa Jaret Winokur,0.0,0.0
6,8,Mario,-0.0,0.5145621067961166
6,8,Marissa Jaret Winokur,1.0,0.5145621067961165
7,1,Toni Braxton,0.0,0.018972189701896958
7,1,Susan Lucci,1e-06,0.01897118970189693
7,1,Cloris Leachman,0.013551135501355017,0.01897018970189701
7,1,Misty May-Treanor,0.0,0.018972189701896958
7,1,Maurice Greene,0.981025810298103,0.018972189701896958
7,1,Jeffrey Ross,0.0,0.853959428485396
7,1,Ted McGinley,0.0,0.8852752971996386
7,1,Kim Kardashian,1e-06,0.01897118970189704
7,1,Cody Linley,0.0,0.018972189701896958
7,1,Rocco DiSpirito,0.005421054200542007,0.01897018970189701
7,2,Toni Braxton,0.0,0.019607843137254832
7,2,Maurice Greene,0.0,0.019607843137254832
7,2,Susan Lucci,0.9803901568627451,0.019607843137254832
7,2,Cloris Leachman,0.013072895424836596,0.019605843137254886
7,2,Misty May-Treanor,0.0,0.019607843137254832
7,2,Kim Kardashian,0.0,0.8611108611111111
7,2,Cody Linley,0.0,0.019607843137254832
7,2,Rocco DiSpirito,0.0065369477124182914,0.019605843137254775
7,4,Toni Braxton,0.0,0.0
7,4,Maurice Greene,0.0,0.0
7,4,Susan Lucci,1.0,0.0
7,4,Cloris Leachman,0.0,0.0
7,4,Cody Linley,0.0,0.0
7,4,Rocco DiSpirito,0.0,0.8062012170542636
7,5,Toni Braxton,0.0,0.7833329333333333
7,5,Maurice Greene,0.0,0.008333333333333304
7,5,Susan Lucci,1e-06,0.008332333333333275
7,5,Cloris Leachman,0.999999,0.008332333333333386
7,5,Cody Linley,0.0,0.008333333333333304
7,6,Maurice Greene,0.24390268902439022,0.0
7,6,Susan Lucci,0.21951244512195114,0.0
7,6,Cody Linley,0.21951244512195114,0.0
7,6,Cloris Leachman,0.31707242073170727,0.6829263292682928
7,7,Maurice Greene,0.0,0.028168014084506976
7,7,Cody Linley,1.0,0.028168014084507087
7,7,Susan Lucci,0.0,0.6713608356807512
7,8,Cody Linley,1.0,0.4999990000000001
7,8,Maurice Greene,0.0,0.49999899999999997
8,2,Steve Wozniak,0.005320148936170207,0.03191489361702127
8,2,Denise Richards,0.0,0.031916893617021325
8,2,Holly Madison,1e-06,0.031915893617021296
8,2,Ty Murray,0.0,0.031916893617021214
8,2,Chuck Wicks,0.0,0.031916893617021214
8,2,Steve-O,0.9893587021276596,0.03191489361702127
8,2,David Alan Grier,0.005320148936170207,0.03191489361702127
8,2,Lil' Kim,0.0,0.031916893617021214
8,2,Belinda Carlisle,0.0,0.8957444808510638
8,2,Lawrence Taylor,0.0,0.031916893617021214
8,3,Steve Wozniak,0.03468308092485549,0.04046042774566472
8,3,Denise Richards,0.0,0.8702631046885035
8,3,Holly Madison,0.9595355722543353,0.040462427745664775
8,3,Ty Murray,0.0,0.040462427745664775
8,3,Chuck Wicks,0.0,0.040462427745664775
8,3,Steve-O,0.005781346820809246,0.04046042774566472
8,3,David Alan Grier,0.0,0.040462427745664775
8,3,Lil' Kim,0.0,0.040462427745664775
8,3,Lawrence Taylor,0.0,0.040462427745664775
8,4,Steve Wozniak,0.19529751537070522,0.8047013417721519
8,4,Holly Madison,0.0,0.8264011609403255
8,4,Ty Murray,0.113020034358047,0.006328113924050638
8,4,Chuck Wicks,0.13200737613019892,0.006328113924050638
8,4,Steve-O,0.1763111735985533,0.006328113924050638
8,4,David Alan Grier,0.13200737613019892,0.006328113924050638
8,4,Lil' Kim,0.10036180650994574,0.006328113924050638
8,4,Lawrence Taylor,0.1509947179023508,0.006328113924050638
8,5,Ty Murray,0.007693307692307693,0.05384515384615385
8,5,Chuck Wicks,0.0,0.053847153846153795
8,5,Steve-O,0.976921076923077,0.05384515384615374
8,5,David Alan Grier,0.0,0.8358971025641025
8,5,Lil' Kim,0.0,0.053847153846153795
8,5,Lawrence Taylor,0.015385615384615385,0.05384515384615385
8,6,Ty Murray,0.0,0.0
8,6,Steve-O,0.0,0.7495323102803739
8,6,Chuck Wicks,0.0,0.0
8,6,Lil' Kim,1.0,0.0
8,6,Lawrence Taylor,0.0,0.0
8,7,Lawrence Taylor,0.0,0.7142852142857143
8,7,Ty Murray,0.0,0.0
8,7,Chuck Wicks,0.0,0.0
8,7,Lil' Kim,1.0,0.0
8,8,Lil' Kim,0.0,0.0
8,8,Ty Murray,1.0,0.0
8,8,Chuck Wicks,0.0,0.6540873836477987
8,9,Ty Murray,1.0,0.5306112448979592
8,9,Lil' Kim,0.0,0.5306112448979592
9,1,Louie Vito,0.0,0.0
9,1,Joanna Krupa,0.0,0.0
9,1,Macy Gray,0.0,0.8988850891580902
9,1,Aaron Carter,0.0,0.0
9,1,Tom DeLay,0.0,0.0
9,1,Melissa Joan Hart,0.0,0.0
9,1,Mark Dacascos,0.0,0.0
9,1,Michael Irvin,6.815274453249022e-07,0.0
9,1,Chuck Liddell,0.9999993184725546,0.0
9,1,Ashley Hamiliton,0.0,0.8988850891580902
9,1,Natalie Coughlin,0.0,0.0
9,1,Debi Mazar,0.0,0.0
9,1,Kathy Ireland,0.0,0.0
9,2,Louie Vito,0.0,0.0
9,2,Joanna Krupa,0.999999,0.0
9,2,Aaron Carter,0.0,0.0
9,2,Tom DeLay,1e-06,0.0
9,2,Melissa Joan Hart,0.0,0.0
9,2,Mark Dacascos,0.0,0.0
9,2,Michael Irvin,0.0,0.0
9,2,Chuck Liddell,0.0,0.0
9,2,Natalie Coughlin,0.0,0.0
9,2,Debi Mazar,0.0,0.0
9,2,Kathy Ireland,0.0,0.898899125152874
9,3,Louie Vito,0.0,0.02631678947368421
9,3,Joanna Krupa,0.0,0.02631678947368421
9,3,Aaron Carter,0.0,0.02631678947368421
9,3,Tom DeLay,0.010527315789473688,0.026314789473684264
9,3,Melissa Joan Hart,0.0,0.02631678947368421
9,3,Mark Dacascos,0.9736812105263158,0.02631678947368421
9,3,Michael Irvin,0.015790473684210535,0.026314789473684153
9,3,Chuck Liddell,1e-06,0.02631578947368418
9,3,Natalie Coughlin,0.0,0.02631678947368421
9,3,Debi Mazar,0.0,0.8894734842105263
9,4,Louie Vito,0.0059890239520958,0.011974047904191543
9,4,Joanna Krupa,0.0,0.011976047904191489
9,4,Aaron Carter,0.9880219520958085,0.011976047904191489
9,4,Mark Dacascos,0.0,0.011976047904191489
9,4,Michael Irvin,0.0059890239520958,0.011974047904191543
9,4,Chuck Liddell,0.0,0.8517961571856287
9,4,Natalie Coughlin,0.0,0.0119760479041916
9,4,Melissa Joan Hart,0.0,0.0119760479041916
9,5,Louie Vito,1e-06,0.006171839506172838
9,5,Joanna Krupa,0.0,0.006172839506172867
9,5,Aaron Carter,0.0,0.006172839506172867
9,5,Michael Irvin,0.006173839506172839,0.006171839506172838
9,5,Mark Dacascos,0.0,0.006172839506172867
9,5,Natalie Coughlin,0.0,0.850087897707231
9,5,Melissa Joan Hart,0.9938251604938272,0.006172839506172867
9,6,Louie Vito,0.0,0.7684211266252396
9,6,Aaron Carter,0.9883018829340922,0.011696324667221036
9,6,Michael Irvin,0.011698117065907841,0.011696324667221036
9,6,Mark Dacascos,0.0,0.011696324667221036
9,6,Joanna Krupa,0.0,0.011696324667221036
9,6,Melissa Joan Hart,0.0,0.7684206587873408
9,7,Michael Irvin,0.0,0.6430969764309764
9,7,Mark Dacascos,0.3703697037037037,0.629628962962963
9,7,Aaron Carter,0.31986565319865323,0.0
9,7,Joanna Krupa,0.30976464309764307,0.0
9,8,Joanna Krupa,1.0,0.49019507843137267
9,8,Aaron Carter,0.0,0.49019507843137256
10,2,Pamela Anderson,0.09827598706896554,0.12414093103448265
10,2,Kate Gosselin,0.14655184913793107,0.12413893103448281
10,2,Shannen Doherty,0.1120680905172414,0.8879307844827586
10,2,Buzz Aldrin,0.16724150431034485,0.12413893103448259
10,2,Jake Pavelka,0.1120690905172414,0.12413993103448262
10,2,Aiden Turner,0.11896564224137932,0.1241389310344827
10,2,Chad Ochocinco,0.13965529741379312,0.1241389310344827
10,2,Niecy Nash,0.10517253879310345,0.12414093103448265
10,3,Pamela Anderson,0.0,0.0
10,3,Kate Gosselin,0.0,0.0
10,3,Buzz Aldrin,0.0,0.8135220697928026
10,3,Jake Pavelka,0.0,0.0
10,3,Aiden Turner,0.0,0.0
10,3,Chad Ochocinco,0.0,0.0
10,3,Niecy Nash,1.0,0.0
10,4,Pamela Anderson,0.0,0.004346826086956468
10,4,Kate Gosselin,0.0043488260869565245,0.004346826086956579
10,4,Jake Pavelka,0.9956511739130435,0.004346826086956468
10,4,Aiden Turner,0.0,0.8101445942028985
10,4,Chad Ochocinco,0.0,0.004346826086956468
10,4,Niecy Nash,0.0,0.004346826086956468
10,5,Pamela Anderson,0.0,0.0
10,5,Kate Gosselin,0.0,0.7578943368421052
10,5,Jake Pavelka,0.0,0.0
10,5,Chad Ochocinco,1.0,0.0
10,5,Niecy Nash,0.0,0.0
10,6,Jake Pavelka,0.0,0.7232140886495821
10,6,Pamela Anderson,0.0,0.0
10,6,Chad Ochocinco,0.0,0.0
10,6,Niecy Nash,1.0,0.0
10,7,Pamela Anderson,0.0,0.6688589824561404
10,7,Chad Ochocinco,0.9868411052631579,0.013156894736842006
10,7,Niecy Nash,0.01315889473684209,0.013156894736842117
10,8,Chad Ochocinco,1.0,0.4886353636363636
10,8,Niecy Nash,0.0,0.4886353636363636
11,1,David Hasselhoff,0.0,0.8703701481481481
11,1,Audrina Patridge,0.0,0.0
11,1,Brandy,0.9999979999999999,0.0
11,1,Florence Henderson,0.0,0.0
11,1,The Situation,1e-06,0.0
11,1,Margaret Cho,1e-06,0.0
11,1,Michael Bolton,0.0,0.0
11,1,Kurt Warner,0.0,0.0
11,1,Rick Fox,0.0,0.0
11,2,Audrina Patridge,0.0,0.0
11,2,Brandy,0.0,0.0
11,2,Florence Henderson,1.0,0.0
11,2,The Situation,0.0,0.0
11,2,Margaret Cho,0.0,0.0
11,2,Michael Bolton,0.0,0.8284311225490196
11,2,Kurt Warner,0.0,0.0
11,2,Rick Fox,0.0,0.0
11,3,Audrina Patridge,0.0,0.0
11,3,Brandy,0.0,0.0
11,3,Florence Henderson,0.0,0.0
11,3,The Situation,0.0,0.0
11,3,Margaret Cho,0.0,0.8304144608294931
11,3,Kurt Warner,0.0,0.0
11,3,Rick Fox,1.0,0.0
11,4,Audrina Patridge,0.0,0.0
11,4,Brandy,0.0,0.0
11,4,Florence Henderson,1.0,0.0
11,4,Rick Fox,0.0,0.0
11,4,Kurt Warner,0.0,0.0
11,4,The Situation,0.0,0.7884054637681159
11,5,Audrina Patridge,0.0,0.0
11,5,Brandy,0.0,0.0
11,5,Florence Henderson,0.0,0.7764701882352942
11,5,Kurt Warner,1.0,0.0
11,5,Rick Fox,0.0,0.0
11,6,Brandy,0.20000008333277777,0.09999783332611101
11,6,Kurt Warner,0.3166671388896296,0.09999583332611106
11,6,Rick Fox,0.24999941666388883,0.09999583332611106
11,6,Audrina Patridge,0.23333336111370367,0.7666653888862963
11,7,Brandy,0.0,0.0
11,7,Kurt Warner,1.0,0.0
11,7,Rick Fox,0.0,0.6588043647798743
11,8,Brandy,1.0,0.45714185714285716
11,8,Kurt Warner,0.0,0.45714185714285704
12,2,Ralph Macchio,0.0,0.0
12,2,Wendy Williams,1e-06,0.0
12,2,Sugar Ray Leonard,0.999999,0.0
12,2,Kendra Wilkinson,0.0,0.0
12,2,Chris Jericho,0.0,0.0
12,2,Romeo,0.0,0.0
12,2,Mike Catherwood,0.0,0.8596771693548387
12,2,Petra Nemcova,0.0,0.0
12,3,Ralph Macchio,0.0,0.0
12,3,Wendy Williams,0.0,0.8177337044334976
12,3,Sugar Ray Leonard,0.0,0.0
12,3,Kendra Wilkinson,0.0,0.0
12,3,Chris Jericho,0.0,0.0
12,3,Romeo,0.0,0.0
12,3,Petra Nemcova,1.0,0.0
12,4,Ralph Macchio,0.0,0.022555390977443524
12,4,Sugar Ray Leonard,0.0,0.8245610701754386
12,4,Kendra Wilkinson,1.0,0.022555390977443635
12,4,Chris Jericho,0.0,0.022555390977443524
12,4,Romeo,0.0,0.022555390977443524
12,4,Petra Nemcova,0.0,0.022555390977443524
12,5,Ralph Macchio,1e-06,0.0
12,5,Kendra Wilkinson,1e-06,0.0
12,5,Chris Jericho,0.0,0.0
12,5,Romeo,0.9999979999999999,0.0
12,5,Petra Nemcova,0.0,0.7864402779661017
12,6,Kendra Wilkinson,0.0,0.0
12,6,Ralph Macchio,0.0,0.0
12,6,Chris Jericho,0.0,0.7222217222222223
12,6,Romeo,1.0,0.0
12,7,Ralph Macchio,0.31372582352941175,0.005346593582887693
12,7,Kendra Wilkinson,0.3404627914438503,0.6595358752228164
12,7,Romeo,0.34581138502673797,0.005346593582887693
12,8,Ralph Macchio,1.0,0.5306112448979592
12,8,Romeo,0.0,0.5306112448979592
13,1,Elisabetta Canalis,0.9874223836477988,0.0
13,1,David Arquette,0.0,0.0
13,1,Metta World Peace (Ron),0.01257761635220127,0.8658278700209643
13,1,Carson Kressley,0.0,0.0
13,1,Chynna Phillips,0.0,0.0
13,1,Chaz Bono,0.0,0.0
13,1,Kristin Cavallari,0.0,0.0
13,1,Hope Solo,0.0,0.0
13,1,Nancy Grace,0.0,0.0
13,2,Elisabetta Canalis,0.0,0.8837577117834395
13,2,David Arquette,0.019109280254777067,0.07643512101910832
13,2,Carson Kressley,0.9426701592356687,0.07643512101910832
13,2,Chynna Phillips,1e-06,0.07643612101910835
13,2,Chaz Bono,0.025478707006369422,0.07643512101910832
13,2,Kristin Cavallari,0.0,0.07643712101910838
13,2,Hope Solo,0.01273985350318471,0.07643512101910832
13,2,Nancy Grace,1e-06,0.07643612101910835
13,3,David Arquette,1e-06,0.06250200000000006
13,3,Carson Kressley,0.006251000000000006,0.06250100000000003
13,3,Chynna Phillips,0.0,0.06250299999999998
13,3,Chaz Bono,0.03750099999999999,0.06250099999999992
13,3,Kristin Cavallari,0.0,0.8642854285714285
13,3,Hope Solo,1e-06,0.06250199999999995
13,3,Nancy Grace,0.9562459999999999,0.06250100000000003
13,4,David Arquette,0.0,0.007693307692307694
13,4,Carson Kressley,0.007693307692307693,0.007691307692307747
13,4,Chynna Phillips,0.0,0.8282047948717948
13,4,Chaz Bono,1e-06,0.007692307692307665
13,4,Hope Solo,0.9923046923076922,0.007693307692307694
13,4,Nancy Grace,1e-06,0.007692307692307665
13,5,David Arquette,0.0,0.0
13,5,Carson Kressley,0.0,0.7711707711711712
13,5,Chaz Bono,0.0,0.0
13,5,Hope Solo,1.0,0.0
13,5,Nancy Grace,0.0,0.0
13,6,David Arquette,0.0,0.0
13,6,Nancy Grace,0.0,0.0
13,6,Chaz Bono,0.0,0.7209297325581396
13,6,Hope Solo,1.0,0.0
13,7,David Arquette,0.0,0.666666
13,7,Nancy Grace,1.0,0.021275595744680853
13,7,Hope Solo,0.0,0.021275595744680742
13,8,Nancy Grace,-0.0,0.45833233333333334
13,8,Hope Solo,1.0,0.45833233333333334
14,2,Maria Menounos,0.0,0.0
14,2,Jack Wagner,0.0,0.0
14,2,Gladys Knight,1.0,0.0
14,2,Martina Navratilova,0.0,0.865406421534937
14,2,Melissa Gilbert,0.0,0.0
14,2,Roshon Fegan,0.0,0.0
14,2,Gavin DeGraw,0.0,0.0
14,2,Sherri Sheperd,0.0,0.0
14,2,Jaleel White,0.0,0.0
14,3,Maria Menounos,0.0,2.0000000000575113e-06
14,3,Jack Wagner,0.0,0.8718271611675127
14,3,Gladys Knight,0.9999969999999999,1.0000000000287557e-06
14,3,Melissa Gilbert,1e-06,1.0000000000287557e-06
14,3,Roshon Fegan,0.0,2.0000000000575113e-06
14,3,Gavin DeGraw,1e-06,1.0000000000287557e-06
14,3,Sherri Sheperd,1e-06,1.0000000000287557e-06
14,3,Jaleel White,0.0,2.0000000000575113e-06
14,4,Maria Menounos,0.0,0.006248999999999949
14,4,Gladys Knight,0.006251000000000006,0.00624900000000006
14,4,Melissa Gilbert,0.0,0.006248999999999949
14,4,Roshon Fegan,0.0,0.006248999999999949
14,4,Gavin DeGraw,0.0,0.006248999999999949
14,4,Sherri Sheperd,0.0,0.8455354285714286
14,4,Jaleel White,0.993749,0.006248999999999949
14,5,Maria Menounos,0.0,0.0
14,5,Gladys Knight,0.0,0.0
14,5,Melissa Gilbert,1.0,0.0
14,5,Roshon Fegan,0.0,0.0
14,5,Gavin DeGraw,0.0,0.8033569808153478
14,5,Jaleel White,0.0,0.0
14,6,Maria Menounos,0.0,0.0
14,6,Gladys Knight,0.0,0.7610739660213625
14,6,Melissa Gilbert,0.0,0.0
14,6,Roshon Fegan,1.0,0.0
14,6,Jaleel White,0.0,0.0
14,7,Maria Menounos,0.0,0.019322671497584487
14,7,Melissa Gilbert,0.019324671497584545,0.019322671497584487
14,7,Jaleel White,0.0,0.7463763115942029
14,7,Roshon Fegan,0.9806753285024155,0.019322671497584487
14,8,Maria Menounos,0.4937505,0.33541599999999994
14,8,Melissa Gilbert,0.5062495,0.4937489999999999
14,8,Roshon Fegan,0.0,0.509374
15,1,Pamela Anderson,0.0,0.880188479245283
15,1,Apolo Anton Ohno,0.0,0.0
15,1,Bristol Palin,0.0,0.0
15,1,Gilles Marini,0.0,0.0
15,1,Emmitt Smith,0.0,0.0
15,1,Helio Castroneves,1.0,0.0
15,1,Drew Lachey,0.0,0.0
15,1,Kirstie Alley,0.0,0.0
15,1,Sabrina Bryan,0.0,0.0
15,1,Joey Fatone,0.0,0.0
15,2,Apolo Anton Ohno,0.0,0.029199080291970825
15,2,Bristol Palin,0.021898810218978104,0.029197080291970767
15,2,Gilles Marini,0.9707989197080291,0.029199080291970825
15,2,Emmitt Smith,1e-06,0.029198080291970796
15,2,Helio Castroneves,0.0,0.029199080291970825
15,2,Drew Lachey,1e-06,0.029198080291970796
15,2,Kirstie Alley,0.007300270072992706,0.029197080291970767
15,2,Sabrina Bryan,0.0,0.029199080291970825
15,2,Joey Fatone,0.0,0.8872666066504461
15,3,Apolo Anton Ohno,0.9746785443037975,0.02531945569620253
15,3,Bristol Palin,0.015190873417721516,0.025318455696202502
15,3,Gilles Marini,1e-06,0.02531945569620242
15,3,Emmitt Smith,0.002532645569620239,0.025318455696202502
15,3,Helio Castroneves,0.0,0.8607592079566003
15,3,Drew Lachey,0.0,0.8542492622061483
15,3,Kirstie Alley,0.0075959367088607585,0.025318455696202502
15,3,Sabrina Bryan,1e-06,0.02531945569620242
15,4,Apolo Anton Ohno,0.0,0.009637554216867517
15,4,Bristol Palin,0.0,0.8208832008032129
15,4,Gilles Marini,0.9903604457831325,0.009637554216867517
15,4,Emmitt Smith,0.0,0.009637554216867517
15,4,Kirstie Alley,0.009639554216867489,0.009637554216867517
15,4,Sabrina Bryan,0.0,0.009637554216867517
15,6,Apolo Anton Ohno,1e-06,0.060071671378091884
15,6,Gilles Marini,0.017668844522968213,0.06007067137809197
15,6,Emmitt Smith,0.024735982332155487,0.06007067137809197
15,6,Kirstie Alley,0.9575941731448763,0.06007067137809197
15,6,Sabrina Bryan,0.0,0.8120137342756184
15,8,Gilles Marini,0.0,0.6673211098568836
15,8,Emmitt Smith,0.999999,0.001964329570651069
15,8,Kirstie Alley,0.0,0.6450556262190112
15,8,Apolo Anton Ohno,1e-06,0.001964329570651069
16,3,Alexandra Raisman,0.10443050474683545,0.0
16,3,Victor Ortiz,0.10443050474683543,0.0
16,3,Wynonna Judd,0.1550624161392405,0.8449364588607595
16,3,Ingo Rademacher,0.11708873259493671,0.0
16,3,Lisa Vanderpump,0.11708873259493671,0.0
16,3,Andy Dick,0.1360760743670886,0.0
16,3,Sean Lowe,0.11708873259493671,0.0
16,3,D. L. Hughley,0.14873430221518985,0.0
16,4,Alexandra Raisman,0.0,0.0
16,4,Victor Ortiz,1e-06,0.0
16,4,Ingo Rademacher,0.0,0.0
16,4,Lisa Vanderpump,0.0,0.8359070501930502
16,4,Andy Dick,0.0,0.0
16,4,Sean Lowe,0.0,0.0
16,4,D. L. Hughley,0.999999,0.0
16,5,Alexandra Raisman,0.0,0.0
16,5,Victor Ortiz,0.0,0.0
16,5,Ingo Rademacher,0.999999,0.0
16,5,Andy Dick,1e-06,0.0
16,5,Sean Lowe,0.0,0.0
16,5,D. L. Hughley,0.0,0.8083986167979003
16,6,Alexandra Raisman,0.0,0.0
16,6,Victor Ortiz,0.0,0.7762110537444934
16,6,Ingo Rademacher,0.0,0.0
16,6,Andy Dick,1.0,0.0
16,6,Sean Lowe,0.0,0.0
16,7,Alexandra Raisman,0.0,0.0
16,7,Ingo Rademacher,0.0,0.0
16,7,Andy Dick,0.0,0.673468887755102
16,7,Sean Lowe,1.0,0.0
16,8,Alexandra Raisman,0.0,0.0
16,8,Ingo Rademacher,1.0,0.0
16,8,Sean Lowe,0.0,0.6210038995433791
16,9,Alexandra Raisman,1.0,0.4636353636363637
16,9,Ingo Rademacher,0.0,0.4636353636363636
17,2,"Nicole ""Snooki"" Polizzi",0.0,0.005207333333333342
17,2,Keyshawn Johnson,0.0,0.8715275555555555
17,2,Christina Milian,0.9947906666666667,0.005207333333333342
17,2,Brant Daugherty,0.0,0.005207333333333342
17,2,Bill Engvall,0.0,0.005207333333333342
17,2,Elizabeth Berkley Lauren,0.0,0.005207333333333342
17,2,Bill Nye,0.005209333333333329,0.005207333333333342
17,2,Valerie Harper,0.0,0.005207333333333342
17,2,Leah Remini,0.0,0.005207333333333342
17,3,"Nicole ""Snooki"" Polizzi",0.0,0.0
17,3,Christina Milian,0.0,0.0
17,3,Brant Daugherty,0.999999,0.0
17,3,Bill Engvall,0.0,0.0
17,3,Elizabeth Berkley Lauren,0.0,0.0
17,3,Bill Nye,0.0,0.8374314439890711
17,3,Valerie Harper,1e-06,0.0
17,3,Leah Remini,0.0,0.0
17,4,"Nicole ""Snooki"" Polizzi",0.0,0.0
17,4,Christina Milian,0.0,0.0
17,4,Brant Daugherty,0.0,0.0
17,4,Bill Engvall,0.0,0.0
17,4,Elizabeth Berkley Lauren,0.0,0.0
17,4,Valerie Harper,0.0,0.8274929757412399
17,4,Leah Remini,1.0,0.0
17,5,"Nicole ""Snooki"" Polizzi",0.006494506493506496,0.09091009090909097
17,5,Christina Milian,0.0,0.8484845151515151
17,5,Brant Daugherty,0.9155804155844155,0.09091009090909108
17,5,Bill Engvall,0.025975025974025984,0.09091009090909097
17,5,Elizabeth Berkley Lauren,0.01298801298701299,0.09091009090909086
17,5,Leah Remini,0.038962038961038975,0.09091009090909086
17,7,"Nicole ""Snooki"" Polizzi",0.0,0.8014921373134328
17,7,Brant Daugherty,0.0,0.018657716417910475
17,7,Bill Engvall,0.014926373134328345,0.01865571641791053
17,7,Elizabeth Berkley Lauren,0.9813412835820896,0.018656716417910446
17,7,Leah Remini,0.0037323432835821005,0.018655716417910417
17,8,Elizabeth Berkley Lauren,0.019231769230769247,0.04807492307692307
17,8,Bill Engvall,0.028847153846153856,0.04807492307692307
17,8,Brant Daugherty,0.0,0.7596148846153846
17,8,Leah Remini,0.9519210769230768,0.04807692307692313
17,9,Elizabeth Berkley Lauren,0.0,0.7017537192982455
17,9,Bill Engvall,0.9868411052631579,0.10526115789473667
17,9,Leah Remini,0.01315889473684209,0.10526115789473678
17,10,Bill Engvall,1.0,0.519999
17,10,Leah Remini,0.0,0.5199990000000001
18,2,Diana Nyad,0.0,0.7650859568965518
18,2,Cody Simpson,0.0,0.03448375862068964
18,2,Billy Dee Williams,0.034483758620689656,0.034481758620689695
18,2,Drew Carey,1e-06,0.03448275862068961
18,2,James Maslow,0.0,0.03448375862068964
18,2,NeNe Leakes,1e-06,0.03448275862068961
18,2,Danica McKellar,0.0,0.03448375862068964
18,2,Sean Avery,0.0,0.8706894051724138
18,2,Charlie White,0.9655142413793103,0.03448375862068964
18,5,Danica McKellar,0.0,0.028036383177570068
18,5,Cody Simpson,0.0,0.8255448380062305
18,5,Drew Carey,1.0,0.028036383177570068
18,5,James Maslow,0.0,0.028036383177570068
18,5,NeNe Leakes,0.0,0.028036383177570068
18,5,Charlie White,0.0,0.028036383177570068
18,6,Danica McKellar,0.0,0.0
18,6,Drew Carey,0.0,0.786046111627907
18,6,NeNe Leakes,0.0,0.0
18,6,James Maslow,1.0,0.0
18,6,Charlie White,0.0,0.0
18,7,Charlie White,0.0,0.0
18,7,NeNe Leakes,0.0,0.7365586397849462
18,7,Danica McKellar,0.0,0.0
18,7,James Maslow,1.0,0.0
18,8,Charlie White,0.31578980701754383,0.017542859649122833
18,8,Danica McKellar,0.3333326666666666,0.666666
18,8,James Maslow,0.3508775263157894,0.017542859649122833
18,9,Charlie White,-0.0,0.49999899999999997
18,9,James Maslow,1.0,0.4999990000000001
19,1,Antonio Sabato Jr.,0.0,0.007325007326007271
19,1,Betsey Johnson,0.007327007326007328,0.007325007326007382
19,1,Tavis Smiley,0.0,0.007325007326007271
19,1,Lea Thompson,0.0,0.007325007326007271
19,1,Michael Waltrip,0.0,0.007325007326007271
19,1,Jonathan Bennett,0.9926729926739927,0.007325007326007271
19,1,Bethany Mota,0.0,0.007325007326007271
19,1,Tommy Chong,0.0,0.007325007326007271
19,1,Lolo Jones,0.0,0.8805858805860806
19,1,Randy Couture,0.0,0.007325007326007271
19,2,Antonio Sabato Jr.,0.0,0.015096339622641564
19,2,Betsey Johnson,1e-06,0.015095339622641535
19,2,Tavis Smiley,0.0,0.883437932914046
19,2,Lea Thompson,0.0,0.015096339622641564
19,2,Michael Waltrip,0.01509533962264152,0.015094339622641506
19,2,Jonathan Bennett,0.0,0.015096339622641564
19,2,Bethany Mota,0.9849016603773584,0.015096339622641564
19,2,Tommy Chong,1e-06,0.015095339622641535
19,2,Randy Couture,1e-06,0.015095339622641535
19,3,Antonio Sabato Jr.,0.0,0.0
19,3,Betsey Johnson,0.0,0.0
19,3,Lea Thompson,1.0,0.0
19,3,Michael Waltrip,0.0,0.0
19,3,Jonathan Bennett,0.0,0.0
19,3,Bethany Mota,0.0,0.0
19,3,Tommy Chong,0.0,0.0
19,3,Randy Couture,0.0,0.854417420682731
19,4,Antonio Sabato Jr.,1e-06,0.048310178743961374
19,4,Betsey Johnson,0.0,0.8543820469289165
19,4,Lea Thompson,0.0,0.0483111787439614
19,4,Michael Waltrip,0.01932467149758456,0.048309178743961456
19,4,Jonathan Bennett,0.024155589371980687,0.048309178743961345
19,4,Bethany Mota,0.0,0.0483111787439614
19,4,Tommy Chong,0.9565187391304347,0.048309178743961345
19,6,Antonio Sabato Jr.,0.02150637634408603,0.053763440860215006
19,6,Lea Thompson,1e-06,0.053764440860215035
19,6,Michael Waltrip,0.9569862473118279,0.05376344086021512
19,6,Jonathan Bennett,0.0,0.8387093440860215
19,6,Bethany Mota,0.0,0.053765440860215064
19,6,Tommy Chong,0.02150637634408603,0.053763440860215006
19,7,Antonio Sabato Jr.,0.0,0.7843746
19,7,Lea Thompson,0.0,0.009373999999999993
19,7,Bethany Mota,0.0,0.009373999999999993
19,7,Michael Waltrip,1.0,0.009373999999999993
19,7,Tommy Chong,0.0,0.009373999999999993
19,8,Tommy Chong,0.26984151984126986,0.0
19,8,Bethany Mota,0.1825399325396826,0.0
19,8,Lea Thompson,0.24603199603174608,0.0
19,8,Michael Waltrip,0.30158655158730163,0.6984121984126983
19,9,Tommy Chong,0.3830849104477612,0.0646756169154229
19,9,Lea Thompson,0.3184072935323383,0.6815913731343284
19,9,Bethany Mota,0.2985077960199005,0.0646756169154229
19,10,Tommy Chong,-0.0,0.44927436231884055
19,10,Bethany Mota,1.0,0.44927436231884066
20,2,Willow Shields,0.0,0.10547275000000012
20,2,Michael Sam,0.01171975,0.10547075000000006
20,2,Suzanne Somers,0.9062449999999999,0.10547075000000006
20,2,Robert Herjavec,0.01171975,0.10547075000000006
20,2,Nastia Liukin,0.0,0.10547275000000012
20,2,Patti LaBelle,0.01171975,0.10547075000000006
20,2,Charlotte McKinney,0.01953225,0.10547075000000006
20,2,Redfoo,0.0,0.8988713055555556
20,2,Chris Soules,0.0390635,0.10547075000000006
20,3,Willow Shields,0.0,0.0
20,3,Michael Sam,0.0,0.0
20,3,Suzanne Somers,0.999999,0.0
20,3,Robert Herjavec,0.0,0.0
20,3,Nastia Liukin,0.0,0.0
20,3,Patti LaBelle,1e-06,0.0
20,3,Charlotte McKinney,0.0,0.8518516018518518
20,3,Chris Soules,0.0,0.0
20,4,Willow Shields,0.0,0.02232242857142852
20,4,Michael Sam,0.0,0.848214
20,4,Suzanne Somers,0.008929571428571424,0.022320428571428574
20,4,Robert Herjavec,0.0,0.02232242857142852
20,4,Nastia Liukin,0.0,0.02232242857142852
20,4,Patti LaBelle,1e-06,0.022321428571428492
20,4,Chris Soules,0.9910694285714285,0.022320428571428574
20,5,Willow Shields,0.0,0.033708865168539215
20,5,Suzanne Somers,0.0,0.8239697041198502
20,5,Robert Herjavec,0.9887620449438204,0.03370686516853927
20,5,Patti LaBelle,0.005618977528089874,0.03370686516853927
20,5,Nastia Liukin,0.0,0.033708865168539104
20,5,Chris Soules,0.005618977528089874,0.03370686516853916
20,6,Willow Shields,0.0,0.002848002849002773
20,6,Robert Herjavec,0.0028500028490028298,0.002848002849002884
20,6,Patti LaBelle,0.0,0.7937317937321937
20,6,Nastia Liukin,0.9971499971509972,0.002848002849002773
20,6,Chris Soules,0.0,0.002848002849002773
20,7,Willow Shields,0.0,0.7746473873239437
20,7,Robert Herjavec,0.05633902816901412,0.11267405633802818
20,7,Chris Soules,0.05633902816901412,0.11267405633802818
20,7,Nastia Liukin,0.8873219436619717,0.11267605633802824
20,8,Robert Herjavec,0.0,0.4653455346534653
20,8,Chris Soules,0.5297024702970297,0.47029602970297024
20,8,Nastia Liukin,0.47029752970297023,0.29042837623762385
21,2,Alexa PenaVega,0.0,0.009926558312655098
21,2,Carlos PenaVega,0.0,0.009926558312655098
21,2,Paula Deen,0.9900724416873449,0.00992555831265507
21,2,Gary Busey,0.009926558312655097,0.009924558312655152
21,2,Victor Espinoza,0.0,0.8778602685414943
21,2,Andy Grammer,0.0,0.009926558312655098
21,2,Chaka Khan,0.0,0.8624205111662531
21,2,Hayes Grier,0.0,0.009926558312655098
21,2,Kim Zolciak-Biermann,1e-06,0.00992555831265507
21,2,Tamar Braxton,0.0,0.009926558312655098
21,4,Alexa PenaVega,0.0,0.0
21,4,Carlos PenaVega,0.0,0.0
21,4,Paula Deen,0.0,0.0
21,4,Gary Busey,0.0,0.8161962565969063
21,4,Andy Grammer,0.0,0.0
21,4,Hayes Grier,0.0,0.0
21,4,Tamar Braxton,1.0,0.0
21,6,Alexa PenaVega,0.0,0.0
21,6,Carlos PenaVega,0.0,0.0
21,6,Paula Deen,0.02941076470588236,0.7843133921568628
21,6,Andy Grammer,0.0,0.0
21,6,Hayes Grier,0.9705892352941177,0.0
21,6,Tamar Braxton,0.0,0.0
21,7,Alexa PenaVega,0.0036111083032490934,0.010830324909747335
21,7,Carlos PenaVega,0.9891666750902527,0.010831324909747253
21,7,Andy Grammer,1e-06,0.010831324909747253
21,7,Hayes Grier,0.0,0.8021656649819495
21,7,Tamar Braxton,0.007221216606498187,0.010830324909747224
21,8,Tamar Braxton,0.24073955040352074,0.0
21,8,Alexa PenaVega,0.25000071296553505,0.0
21,8,Carlos PenaVega,0.2314820915657865,0.0
21,8,Andy Grammer,0.2777776450651578,0.7222211049348424
21,9,Alexa PenaVega,0.0,0.701430826175869
21,9,Carlos PenaVega,0.9325143374233129,0.10429247852760737
21,9,Tamar Braxton,0.06748566257668712,0.10429247852760737
22,2,Geraldo Rivera,0.0,0.853800947368421
22,2,Jodie Sweetin,0.0,0.0
22,2,Doug Flutie,1.0,0.0
22,2,Kim Fields,0.0,0.0
22,2,Von Miller,0.0,0.0
22,2,Mischa Barton,0.0,0.0
22,2,Wanya Morris,0.0,0.0
22,2,Antonio Brown,0.0,0.0
22,2,Marla Maples,0.0,0.0
22,3,Jodie Sweetin,0.0,0.0
22,3,Doug Flutie,0.0,0.0
22,3,Kim Fields,1.0,0.0
22,3,Von Miller,0.0,0.0
22,3,Mischa Barton,0.0,0.8571426071428572
22,3,Wanya Morris,0.0,0.0
22,3,Antonio Brown,0.0,0.0
22,3,Marla Maples,0.0,0.0
22,4,Jodie Sweetin,0.1589538651911469,0.023472178403755928
22,4,Doug Flutie,0.1730383722334004,0.023472178403755928
22,4,Kim Fields,0.13547968678739103,0.023474178403755874
22,4,Von Miller,0.13547968678739103,0.023474178403755874
22,4,Wanya Morris,0.1213951797451375,0.023474178403755874
22,4,Antonio Brown,0.1213951797451375,0.023474178403755874
22,4,Marla Maples,0.15425802951039572,0.8457408276324614
22,6,Jodie Sweetin,0.0,0.0
22,6,Doug Flutie,0.0,0.8066663333333334
22,6,Kim Fields,1.0,0.0
22,6,Von Miller,0.0,0.0
22,6,Wanya Morris,0.0,0.0
22,6,Antonio Brown,0.0,0.0
22,7,Jodie Sweetin,0.0038177938931297775,0.003816293893129763
22,7,Kim Fields,0.0,0.7480911030534352
22,7,Von Miller,0.0,0.7480911030534352
22,7,Wanya Morris,0.9961812061068702,0.0038172938931297917
22,7,Antonio Brown,1e-06,0.003816293893129763
22,8,Wanya Morris,0.3617889512195122,0.09755897560975613
22,8,Jodie Sweetin,0.3008123414634146,0.6991863252032522
22,8,Antonio Brown,0.3373987073170731,0.09755897560975613
23,2,Amber Rose,1e-06,0.0076045627376426506
23,2,Marilu Henner,0.0,0.007605562737642568
23,2,Ryan Lochte,1e-06,0.0076045627376425395
23,2,Rick Perry,0.007605562737642595,0.007603562737642622
23,2,Jana Kramer,0.0,0.007605562737642568
23,2,Terra Jole,0.9923924372623574,0.007605562737642568
23,2,Maureen McCormick,0.0,0.007605562737642568
23,2,Babyface,0.0,0.007605562737642568
23,2,Jake T. Austin,0.0,0.8912545528517111
23,2,Vanilla Ice,0.0,0.007605562737642568
23,3,Amber Rose,0.0,0.0
23,3,Marilu Henner,0.0,0.0
23,3,Ryan Lochte,0.999999,0.0
23,3,Rick Perry,0.0,0.8764900019074868
23,3,Jana Kramer,0.0,0.0
23,3,Terra Jole,0.0,0.0
23,3,Maureen McCormick,0.0,0.0
23,3,Babyface,0.0,0.0
23,3,Vanilla Ice,1e-06,0.0
23,4,Amber Rose,0.9833303333333333,0.016667666666666636
23,4,Marilu Henner,0.011112111111111099,0.01666566666666669
23,4,Ryan Lochte,0.00555655555555555,0.01666566666666658
23,4,Terra Jole,0.0,0.016667666666666636
23,4,Jana Kramer,1e-06,0.016666666666666607
23,4,Maureen McCormick,0.0,0.016667666666666636
23,4,Babyface,0.0,0.8325393968253969
23,4,Vanilla Ice,0.0,0.8563489206349206
23,6,Amber Rose,0.0,0.8117440535405872
23,6,Marilu Henner,0.0,0.0
23,6,Ryan Lochte,1.0,0.0
23,6,Terra Jole,0.0,0.0
23,6,Jana Kramer,0.0,0.0
23,6,Maureen McCormick,0.0,0.0
23,7,Marilu Henner,0.0059890239520958,0.005987023952095827
23,7,Terra Jole,0.0,0.0059880239520957446
23,7,Ryan Lochte,1e-06,0.005987023952095716
23,7,Jana Kramer,0.9940099760479042,0.0059880239520957446
23,7,Maureen McCormick,0.0,0.7976043904191616
23,8,Marilu Henner,0.029127213592232998,0.04854168932038827
23,8,Terra Jole,0.019418475728155332,0.04854168932038827
23,8,Ryan Lochte,0.0,0.7524266844660195
23,8,Jana Kramer,0.9514543106796116,0.04854368932038833
23,9,Marilu Henner,0.0,0.6491221403508771
23,9,Terra Jole,1.0,0.0
23,9,Jana Kramer,0.0,0.0
23,10,Terra Jole,-0.0,0.5084735762711865
23,10,Jana Kramer,1.0,0.5084735762711864
24,2,Heather Morris,0.0,0.0
24,2,Charo,0.0,0.0
24,2,Nick Viall,0.999999,0.0
24,2,Erika Jayne,0.0,0.0
24,2,Chris Kattan,0.0,0.8706045597749649
24,2,Nancy Kerrigan,0.0,0.0
24,2,Bonner Bolton,0.0,0.0
24,2,Mr. T,1e-06,0.0
24,2,Simone Biles,0.0,0.0
24,3,Heather Morris,0.0,0.0
24,3,Charo,0.0,0.8581078581081081
24,3,Nick Viall,0.9999979999999999,0.0
24,3,Erika Jayne,0.0,0.0
24,3,Nancy Kerrigan,0.0,0.0
24,3,Bonner Bolton,1e-06,0.0
24,3,Mr. T,1e-06,0.0
24,3,Simone Biles,0.0,0.0
24,4,Heather Morris,0.0,0.0
24,4,Nick Viall,0.0,0.0
24,4,Erika Jayne,0.0,0.0
24,4,Nancy Kerrigan,0.0,0.0
24,4,Bonner Bolton,0.0,0.0
24,4,Mr. T,0.0,0.8392854285714285
24,4,Simone Biles,1.0,0.0
24,5,Heather Morris,0.0,0.009802921568627387
24,5,Nick Viall,-0.0,0.009802921568627387
24,5,Erika Jayne,0.009802921568627445,0.8235290784313725
24,5,Nancy Kerrigan,0.0,0.009802921568627387
24,5,Bonner Bolton,0.9901970784313725,0.009802921568627498
24,5,Simone Biles,0.0,0.009802921568627387
24,6,Heather Morris,0.0,0.8215564862275448
24,6,Nick Viall,0.03892315568862276,0.10778443113772462
24,6,Nancy Kerrigan,0.02095908383233533,0.10778443113772451
24,6,Bonner Bolton,0.9251467005988024,0.10778443113772451
24,6,Simone Biles,0.014971059880239527,0.10778443113772462
24,7,Nancy Kerrigan,0.0,0.6714279047619047
24,7,Bonner Bolton,1.0,0.03571328571428567
24,7,Nick Viall,0.0,0.6619040952380952
24,7,Simone Biles,0.0,0.03571328571428567
24,8,Bonner Bolton,-0.0,0.4461528461538461
24,8,Simone Biles,1.0,0.4461528461538462
25,2,Derek Fisher,0.00739016256157636,0.024631541871921292
25,2,Barbara Corcoran,0.0,0.872741978106185
25,2,Debbie Gibson,0.0,0.8880676486042693
25,2,Sasha Pieterse,0.0,0.02463354187192124
25,2,Drew Scott,0.9753654581280788,0.02463254187192121
25,2,Nikki Bella,0.0049271083743842444,0.02463154187192118
25,2,Terrell Owens,0.0049271083743842444,0.02463154187192118
25,2,Victoria Arlen,0.0,0.02463354187192124
25,2,Nick Lachey,0.00739016256157636,0.024631541871921292
25,2,Vanessa Lachey,0.0,0.02463354187192124
25,4,Derek Fisher,0.0,0.8697914166666667
25,4,Sasha Pieterse,0.0,0.005207333333333342
25,4,Drew Scott,0.9947906666666667,0.005207333333333342
25,4,Nikki Bella,0.0,0.005207333333333342
25,4,Terrell Owens,0.0,0.005207333333333342
25,4,Victoria Arlen,0.0,0.005207333333333342
25,4,Nick Lachey,0.005209333333333343,0.005207333333333342
25,4,Vanessa Lachey,0.0,0.005207333333333342
25,5,Sasha Pieterse,0.0,0.8522164630541872
25,5,Drew Scott,0.0,0.011494252873563204
25,5,Nikki Bella,0.0,0.011494252873563204
25,5,Terrell Owens,0.0,0.011494252873563204
25,5,Victoria Arlen,0.0,0.011494252873563204
25,5,Nick Lachey,0.011495252873563204,0.011493252873563176
25,5,Vanessa Lachey,0.9885047471264368,0.011493252873563176
25,6,Drew Scott,0.0,0.0
25,6,Nikki Bella,0.0,0.0
25,6,Terrell Owens,1.0,0.0
25,6,Victoria Arlen,0.0,0.0
25,6,Nick Lachey,0.0,0.7993193945578232
25,6,Vanessa Lachey,0.0,0.0
25,7,Drew Scott,0.0,0.018866924528301854
25,7,Nikki Bella,0.022641509433962287,0.7320749716981132
25,7,Terrell Owens,0.01886892452830191,0.018866924528301965
25,7,Victoria Arlen,0.9584895660377358,0.018866924528301854
25,7,Vanessa Lachey,0.0,0.749056103773585
25,8,Terrell Owens,0.0,0.6826477351598175
25,8,Drew Scott,0.9794510547945205,0.04794320547945208
25,8,Victoria Arlen,0.02054894520547948,0.04794320547945208
25,9,Drew Scott,1.0,0.5384605384615384
25,9,Victoria Arlen,0.0,0.5384605384615384
26,1,Mirai Nagasu,0.0,0.014387489208633086
26,1,Arike Ogunbowale,0.0,0.014387489208633086
26,1,Johnny Damon,0.0,0.8189445107913669
26,1,Jennie Finch Daigle,0.9856105107913669,0.014387489208633086
26,1,Chris Mazdzer,0.0,0.014387489208633086
26,1,Jamie Anderson,0.0,0.8249397146282974
26,1,Kareem Abdul-Jabbar,0.0143894892086331,0.014387489208633086
26,2,Mirai Nagasu,0.0,0.033132530120481896
26,2,Arike Ogunbowale,0.0,0.7552705843373494
26,2,Jennie Finch Daigle,0.021085337349397604,0.03313053012048195
26,2,Chris Mazdzer,0.9789146626506025,0.03313053012048195
26,2,Kareem Abdul-Jabbar,0.0,0.730421186746988
27,1,Nancy McKeon,0.0,0.01999899999999999
27,1,Nikki Glaser,0.0,0.8777775555555556
27,1,Danelle Umstead,0.979999,0.01999899999999999
27,1,Juan Pablo Di Pace,0.0,0.01999899999999999
27,1,John Schneider,0.0,0.01999899999999999
27,1,Tinashe,0.0,0.01999899999999999
27,1,DeMarcus Ware,0.0,0.01999899999999999
27,1,Mary Lou Retton,0.0,0.01999899999999999
27,1,Joe Amabile,0.020001000000000005,0.01999899999999999
27,2,Nancy McKeon,0.0,0.00566472237960336
27,2,Danelle Umstead,0.0,0.8548156140226629
27,2,Juan Pablo Di Pace,0.9943332776203966,0.00566472237960336
27,2,John Schneider,0.0,0.00566472237960336
27,2,Tinashe,0.0,0.00566472237960336
27,2,DeMarcus Ware,0.0,0.00566472237960336
27,2,Mary Lou Retton,0.0,0.00566472237960336
27,2,Joe Amabile,0.0056667223796034024,0.00566472237960336
27,3,Nancy McKeon,0.0,0.8452378095238094
27,3,Juan Pablo Di Pace,0.0,0.029761904761904767
27,3,John Schneider,0.005953380952380959,0.02975990476190482
27,3,Tinashe,0.0,0.029761904761904767
27,3,DeMarcus Ware,0.0,0.029761904761904767
27,3,Mary Lou Retton,0.0,0.029761904761904767
27,3,Joe Amabile,0.994046619047619,0.02975990476190471
27,4,Juan Pablo Di Pace,0.014926373134328373,0.164180104477612
27,4,John Schneider,0.03731443283582089,0.164180104477612
27,4,Tinashe,0.0,0.860696184079602
27,4,DeMarcus Ware,0.02985174626865672,0.1641801044776121
27,4,Mary Lou Retton,0.835816895522388,0.16418110447761203
27,4,Joe Amabile,0.08209055223880597,0.164180104477612
27,6,Mary Lou Retton,0.0,0.7983467074380165
27,6,Juan Pablo Di Pace,0.0,0.057851239669421406
27,6,John Schneider,0.04132331404958678,0.05784923966942146
27,6,DeMarcus Ware,0.9421467603305785,0.057851239669421406
27,6,Joe Amabile,0.016529925619834712,0.05784923966942146
27,7,John Schneider,0.0,0.6746025079365079
27,7,DeMarcus Ware,0.3285707619047619,0.6714279047619047
27,7,Juan Pablo Di Pace,0.3142860476190476,0.0333323333333333
27,7,Joe Amabile,0.3571431904761905,0.0333323333333333
28,2,Ray Lewis,1.0,1.0
28,2,Sailor Brinkley-Cook,0.875,1.0
28,2,James Van Der Beek,0.75,1.0
28,2,Lamar Odom,0.625,1.0
28,2,Kate Flannery,0.5,1.0
28,2,Mary Wilson,0.375,1.0
28,2,Karamo Brown,0.125,1.0
28,2,Sean Spicer,0.25,1.0
28,4,Sailor Brinkley-Cook,1.0,1.0
28,4,James Van Der Beek,0.8333333333333334,1.0
28,4,Lamar Odom,0.5,1.0
28,4,Kate Flannery,0.3333333333333333,1.0
28,4,Karamo Brown,0.16666666666666666,1.0
28,4,Sean Spicer,0.6666666666666666,1.0
28,6,Sailor Brinkley-Cook,0.2,0.0
28,6,James Van Der Beek,0.6,0.0
28,6,Kate Flannery,0.8,0.0
28,6,Karamo Brown,1.0,0.0
28,6,Sean Spicer,0.4,0.0
28,7,Kate Flannery,0.75,1.0
28,7,James Van Der Beek,0.5,1.0
28,7,Sean Spicer,1.0,1.0
28,7,Karamo Brown,0.25,1.0
28,8,Kate Flannery,0.3333333333333333,1.0
28,8,James Van Der Beek,0.6666666666666666,1.0
28,8,Sean Spicer,1.0,1.0
28,9,James Van Der Beek,1.0,1.0
28,9,Sean Spicer,0.5,1.0
29,2,Chrishell Stause,0.9090909090909091,1.0
29,2,Charles Oakley,1.0,1.0
29,2,Anne Heche,0.8181818181818182,1.0
29,2,Johnny Weir,0.7272727272727273,1.0
29,2,Jesse Metcalfe,0.6363636363636364,1.0
29,2,Carole Baskin,0.5454545454545454,1.0
29,2,Veron Davis,0.45454545454545453,1.0
29,2,AJ McLean,0.36363636363636365,1.0
29,2,Skai Jackson,0.2727272727272727,1.0
29,2,Monica Aldama,0.18181818181818182,1.0
29,2,Jeannie Mai,0.09090909090909091,1.0
29,3,Chrishell Stause,0.9,1.0
29,3,Anne Heche,0.7,1.0
29,3,Johnny Weir,0.8,1.0
29,3,Jesse Metcalfe,0.6,1.0
29,3,Carole Baskin,1.0,1.0
29,3,Veron Davis,0.5,1.0
29,3,AJ McLean,0.4,1.0
29,3,Skai Jackson,0.3,1.0
29,3,Monica Aldama,0.2,1.0
29,3,Jeannie Mai,0.1,1.0
29,4,Chrishell Stause,0.8888888888888888,1.0
29,4,Anne Heche,1.0,1.0
29,4,Johnny Weir,0.7777777777777778,1.0
29,4,Jesse Metcalfe,0.6666666666666666,1.0
29,4,Veron Davis,0.5555555555555556,1.0
29,4,AJ McLean,0.4444444444444444,1.0
29,4,Skai Jackson,0.3333333333333333,1.0
29,4,Monica Aldama,0.2222222222222222,1.0
29,4,Jeannie Mai,0.1111111111111111,1.0
29,5,Chrishell Stause,1.0,1.0
29,5,Johnny Weir,0.875,1.0
29,5,Jesse Metcalfe,0.75,1.0
29,5,Veron Davis,0.625,1.0
29,5,AJ McLean,0.25,1.0
29,5,Skai Jackson,0.375,1.0
29,5,Monica Aldama,0.125,1.0
29,5,Jeannie Mai,0.5,1.0
29,6,Chrishell Stause,1.0,1.0
29,6,Johnny Weir,0.8571428571428571,1.0
29,6,Veron Davis,0.42857142857142855,1.0
29,6,AJ McLean,0.5714285714285714,1.0
29,6,Skai Jackson,0.7142857142857143,1.0
29,6,Monica Aldama,0.2857142857142857,1.0
29,6,Jeannie Mai,0.14285714285714285,1.0
29,7,Chrishell Stause,1.0,1.0
29,7,Johnny Weir,0.8333333333333334,1.0
29,7,AJ McLean,0.6666666666666666,1.0
29,7,Skai Jackson,0.5,1.0
29,7,Monica Aldama,0.16666666666666666,1.0
29,7,Jeannie Mai,0.3333333333333333,1.0
29,8,Skai Jackson,1.0,1.0
29,8,AJ McLean,0.75,1.0
29,8,Chrishell Stause,0.5,1.0
29,8,Johnny Weir,0.25,1.0
29,9,Skai Jackson,1.0,1.0
29,9,AJ McLean,0.6666666666666666,1.0
29,9,Johnny Weir,0.3333333333333333,1.0
30,2,Matt James,0.9090909090909091,1.0
30,2,"Mike ""The Miz"" Mizanin",0.8181818181818182,1.0
30,2,Christine Chiu,0.7272727272727273,1.0
30,2,Martin Kove,1.0,1.0
30,2,Melanie C,0.6363636363636364,1.0
30,2,Olivia Jade,0.5454545454545454,1.0
30,2,Kenya Moore,0.45454545454545453,1.0
30,2,Brian Austin Green,0.36363636363636365,1.0
30,2,Jimmie Allen,0.2727272727272727,1.0
30,2,Melora Hardin,0.18181818181818182,1.0
30,2,Suni Lee,0.09090909090909091,1.0
30,3,Matt James,0.9,1.0
30,3,"Mike ""The Miz"" Mizanin",0.8,1.0
30,3,Christine Chiu,1.0,1.0
30,3,Melanie C,0.7,1.0
30,3,Olivia Jade,0.6,1.0
30,3,Kenya Moore,0.5,1.0
30,3,Brian Austin Green,0.4,1.0
30,3,Jimmie Allen,0.3,1.0
30,3,Melora Hardin,0.2,1.0
30,3,Suni Lee,0.1,1.0
30,4,Matt James,1.0,1.0
30,4,"Mike ""The Miz"" Mizanin",0.6666666666666666,1.0
30,4,Melanie C,0.7777777777777778,1.0
30,4,Olivia Jade,0.5555555555555556,1.0
30,4,Kenya Moore,0.4444444444444444,1.0
30,4,Brian Austin Green,0.8888888888888888,1.0
30,4,Jimmie Allen,0.3333333333333333,1.0
30,4,Melora Hardin,0.2222222222222222,1.0
30,4,Suni Lee,0.1111111111111111,1.0
30,5,"Mike ""The Miz"" Mizanin",0.2857142857142857,0.0
30,5,Melanie C,0.14285714285714285,0.0
30,5,Olivia Jade,0.42857142857142855,0.0
30,5,Kenya Moore,0.5714285714285714,0.0
30,5,Jimmie Allen,1.0,0.0
30,5,Melora Hardin,0.7142857142857143,0.0
30,5,Suni Lee,0.8571428571428571,0.0
30,6,"Mike ""The Miz"" Mizanin",1.0,1.0
30,6,Olivia Jade,0.8333333333333334,1.0
30,6,Kenya Moore,0.5,1.0
30,6,Jimmie Allen,0.3333333333333333,1.0
30,6,Melora Hardin,0.6666666666666666,1.0
30,6,Suni Lee,0.16666666666666666,1.0
30,7,"Mike ""The Miz"" Mizanin",0.8,1.0
30,7,Olivia Jade,0.2,1.0
30,7,Jimmie Allen,0.4,1.0
30,7,Melora Hardin,0.6,1.0
30,7,Suni Lee,1.0,1.0
30,8,Olivia Jade,0.75,1.0
30,8,Jimmie Allen,0.25,1.0
30,8,Melora Hardin,0.5,1.0
30,8,Suni Lee,1.0,1.0
31,1,Cheryl Ladd,0.9166666666666666,1.0
31,1,Sam Champion,0.75,1.0
31,1,Heidi D'Amelio,0.8333333333333334,1.0
31,1,Jordin Sparks,0.4166666666666667,1.0
31,1,Vinny Guadagnino,0.6666666666666666,1.0
31,1,Trevor Donovan,0.5833333333333334,1.0
31,1,Jessie James Decker,0.5,1.0
31,1,Joseph Baena,0.3333333333333333,1.0
31,1,Teresa Giudice,0.25,1.0
31,1,Daniel Durant,0.16666666666666666,1.0
31,1,Selma Blair,0.08333333333333333,1.0
31,1,Jason Lewis,1.0,1.0
31,2,Cheryl Ladd,0.9090909090909091,1.0
31,2,Sam Champion,0.7272727272727273,1.0
31,2,Heidi D'Amelio,0.8181818181818182,1.0
31,2,Jordin Sparks,0.36363636363636365,1.0
31,2,Vinny Guadagnino,0.6363636363636364,1.0
31,2,Trevor Donovan,0.5454545454545454,1.0
31,2,Jessie James Decker,0.45454545454545453,1.0
31,2,Joseph Baena,0.2727272727272727,1.0
31,2,Teresa Giudice,1.0,1.0
31,2,Daniel Durant,0.18181818181818182,1.0
31,2,Selma Blair,0.09090909090909091,1.0
31,3,Cheryl Ladd,1.0,1.0
31,3,Sam Champion,0.9,1.0
31,3,Heidi D'Amelio,0.8,1.0
31,3,Jordin Sparks,0.7,1.0
31,3,Vinny Guadagnino,0.6,1.0
31,3,Trevor Donovan,0.5,1.0
31,3,Jessie James Decker,0.4,1.0
31,3,Joseph Baena,0.3,1.0
31,3,Daniel Durant,0.2,1.0
31,3,Selma Blair,0.1,1.0
31,4,Sam Champion,1.0,1.0
31,4,Heidi D'Amelio,0.8888888888888888,1.0
31,4,Jordin Sparks,0.7777777777777778,1.0
31,4,Vinny Guadagnino,0.6666666666666666,1.0
31,4,Trevor Donovan,0.5555555555555556,1.0
31,4,Jessie James Decker,0.4444444444444444,1.0
31,4,Joseph Baena,0.3333333333333333,1.0
31,4,Daniel Durant,0.2222222222222222,1.0
31,4,Selma Blair,0.1111111111111111,1.0
31,5,Heidi D'Amelio,1.0,1.0
31,5,Jordin Sparks,0.875,1.0
31,5,Vinny Guadagnino,0.75,1.0
31,5,Trevor Donovan,0.625,1.0
31,5,Jessie James Decker,0.5,1.0
31,5,Joseph Baena,0.125,1.0
31,5,Daniel Durant,0.375,1.0
31,5,Selma Blair,0.25,1.0
31,6,Heidi D'Amelio,1.0,1.0
31,6,Jordin Sparks,0.8333333333333334,1.0
31,6,Vinny Guadagnino,0.6666666666666666,1.0
31,6,Trevor Donovan,0.5,1.0
31,6,Jessie James Decker,0.16666666666666666,1.0
31,6,Daniel Durant,0.3333333333333333,1.0
31,7,Heidi D'Amelio,1.0,1.0
31,7,Jordin Sparks,0.4,1.0
31,7,Vinny Guadagnino,0.8,1.0
31,7,Trevor Donovan,0.6,1.0
31,7,Daniel Durant,0.2,1.0
31,8,Daniel Durant,1.0,1.0
31,8,Heidi D'Amelio,0.5,1.0
31,8,Vinny Guadagnino,0.25,1.0
31,8,Trevor Donovan,0.75,1.0
32,1,Jamie Lynn Spears,0.8888888888888888,1.0
32,1,Matt Walsh,1.0,1.0
32,1,Barry Williams,0.7777777777777778,1.0
32,1,Mauricio Umansky,0.6666666666666666,1.0
32,1,Tyson Beckford,0.5555555555555556,1.0
32,1,Adrian Peterson,0.4444444444444444,1.0
32,1,Mira Sorvino,0.3333333333333333,1.0
32,1,Harry Jowsey,0.2222222222222222,1.0
32,1,Lele Pons,0.1111111111111111,1.0
32,2,Jamie Lynn Spears,0.375,1.0
32,2,Barry Williams,0.625,1.0
32,2,Mauricio Umansky,1.0,1.0
32,2,Tyson Beckford,0.25,1.0
32,2,Adrian Peterson,0.75,1.0
32,2,Mira Sorvino,0.5,1.0
32,2,Harry Jowsey,0.875,1.0
32,2,Lele Pons,0.125,1.0
32,3,Barry Williams,1.0,1.0
32,3,Mauricio Umansky,0.8571428571428571,1.0
32,3,Tyson Beckford,0.5714285714285714,1.0
32,3,Adrian Peterson,0.7142857142857143,1.0
32,3,Mira Sorvino,0.42857142857142855,1.0
32,3,Harry Jowsey,0.2857142857142857,1.0
32,3,Lele Pons,0.14285714285714285,1.0
32,4,Barry Williams,1.0,1.0
32,4,Mauricio Umansky,0.8333333333333334,1.0
32,4,Adrian Peterson,0.16666666666666666,1.0
32,4,Harry Jowsey,0.5,1.0
32,4,Mira Sorvino,0.6666666666666666,1.0
32,4,Lele Pons,0.3333333333333333,1.0
32,5,Barry Williams,1.0,1.0
32,5,Mauricio Umansky,0.8,1.0
32,5,Harry Jowsey,0.6,1.0
32,5,Mira Sorvino,0.2,1.0
32,5,Lele Pons,0.4,1.0
32,6,Lele Pons,0.5,1.0
32,6,Harry Jowsey,1.0,1.0
32,6,Mauricio Umansky,0.25,1.0
32,6,Barry Williams,0.75,1.0
32,7,Lele Pons,0.3333333333333333,0.0
32,7,Harry Jowsey,0.6666666666666666,0.0
32,7,Barry Williams,1.0,0.0
32,8,Harry Jowsey,1.0,0.0
32,8,Barry Williams,0.5,0.0
33,2,Reginald VelJohnson,1.0,1.0
33,2,Anna Delvey,0.5,1.0
33,2,Eric Roberts,0.875,1.0
33,2,Jenn Tran,0.75,1.0
33,2,Tori Spelling,0.375,1.0
33,2,Phaedra Parks,0.625,1.0
33,2,Dwight Howard,0.125,1.0
33,2,Brooks Nader,0.25,1.0
33,3,Reginald VelJohnson,1.0,1.0
33,3,Eric Roberts,0.16666666666666666,1.0
33,3,Jenn Tran,0.3333333333333333,1.0
33,3,Phaedra Parks,0.6666666666666666,1.0
33,3,Dwight Howard,0.8333333333333334,1.0
33,3,Brooks Nader,0.5,1.0
33,4,Jenn Tran,1.0,1.0
33,4,Phaedra Parks,0.5,1.0
33,4,Dwight Howard,0.75,1.0
33,4,Brooks Nader,0.25,1.0
33,5,Jenn Tran,0.6666666666666666,1.0
33,5,Phaedra Parks,0.3333333333333333,1.0
33,5,Dwight Howard,1.0,1.0
33,6,Jenn Tran,1.0,0.0
33,6,Dwight Howard,0.5,0.0
34,2,Scott Hoying,0.6666666666666666,1.0
34,2,Lauren Jauregui,0.7777777777777778,1.0
34,2,Corey Feldman,1.0,1.0
34,2,Jen Affleck,0.5555555555555556,1.0
34,2,Baron Davis,0.8888888888888888,1.0
34,2,Hilaria Baldwin,0.4444444444444444,1.0
34,2,Whitney Leavitt,0.3333333333333333,1.0
34,2,Andy Richter,0.2222222222222222,1.0
34,2,Danielle Fishel,0.1111111111111111,1.0
34,3,Scott Hoying,1.0,1.0
34,3,Lauren Jauregui,0.5714285714285714,1.0
34,3,Jen Affleck,0.7142857142857143,1.0
34,3,Hilaria Baldwin,0.2857142857142857,1.0
34,3,Whitney Leavitt,0.14285714285714285,1.0
34,3,Andy Richter,0.8571428571428571,1.0
34,3,Danielle Fishel,0.42857142857142855,1.0
34,4,Scott Hoying,1.0,1.0
34,4,Jen Affleck,0.5,1.0
34,4,Hilaria Baldwin,0.16666666666666666,1.0
34,4,Whitney Leavitt,0.3333333333333333,1.0
34,4,Andy Richter,0.8333333333333334,1.0
34,4,Danielle Fishel,0.6666666666666666,1.0
34,6,Scott Hoying,0.6,1.0
34,6,Jen Affleck,0.8,1.0
34,6,Whitney Leavitt,0.2,1.0
34,6,Andy Richter,1.0,1.0
34,6,Danielle Fishel,0.4,1.0
34,7,Jen Affleck,0.5,1.0
34,7,Whitney Leavitt,0.25,1.0
34,7,Andy Richter,1.0,1.0
34,7,Danielle Fishel,0.75,1.0
34,8,Whitney Leavitt,0.6666666666666666,1.0
34,8,Andy Richter,1.0,1.0
34,8,Danielle Fishel,0.3333333333333333,1.0
34,9,Whitney Leavitt,1.0,1.0
34,9,Andy Richter,0.5,1.0
