season,week,contestant,voting_method,p_wrongful,p_correct,ci_lower,ci_upper,n_samples,wrongful_count,correct_count,classification,fan_vote_lower,fan_vote_upper,fan_vote_mean,fan_vote_median
1,2,Trista Sutter,rank,0.927,0.073,0.9194568807206823,0.9338874777418239,5000,4635,365,Uncertain,0.04999999999999999,0.95,0.16267303764381996,0.1487589315000124
1,3,Evander Holyfield,rank,0.3308,0.6692,0.3178926326388261,0.34396716723973125,5000,1654,3346,Uncertain,0.06,0.94,0.16541547608254858,0.14611000499943455
1,4,Rachel Hunter,rank,0.9322,0.0678,0.9248944455304107,0.9388419285386647,5000,4661,339,Uncertain,0.044999999999999984,0.9550000000000001,0.2614792123414076,0.2500249872350916
2,1,Kenny Mayne,rank,0.9758,0.0242,0.9711612037673606,0.9797082242337177,5000,4879,121,Definite-Wrongful,0.056999999999999995,0.9430000000000001,0.11772350038213882,0.0768707082130542
2,2,Tatum O'Neal,rank,0.7284,0.2716,0.7158993333380734,0.7405499675350797,5000,3642,1358,Uncertain,0.05666666666666664,0.9433333333333334,0.1134061044382079,0.10082946434175526
2,3,Giselle Fernandez,rank,0.8726,0.1274,0.8630711192853653,0.8815567682161096,5000,4363,637,Uncertain,0.048750000000000016,0.9512499999999999,0.12247239559247544,0.11079781836821499
2,4,Master P,rank,0.3512,0.6488,0.3380874875477121,0.364540988941232,5000,1756,3244,Uncertain,0.06,0.94,0.12363870063336042,0.10907727727526019
2,5,Tia Carrere,rank,0.492,0.508,0.4781539421100623,0.5058583415721392,5000,2460,2540,Uncertain,0.06,0.94,0.1627255985043225,0.14720913465672208
2,6,George Hamilton,rank,0.5594,0.4406,0.5455984604481753,0.5731103332114801,5000,2797,2203,Uncertain,0.05399999999999999,0.946,0.1878587818560225,0.1735916874942142
2,7,Lisa Rinna,rank,0.8032,0.1968,0.791948644315835,0.8139858041287362,5000,4016,984,Uncertain,0.05249999999999999,0.9475,0.2574428940151028,0.24447663136689574
3,1,Tucker Carlson,percent,0.5164,0.4836,0.5025408860439133,0.530233932407574,5000,2582,2418,Uncertain,0.009999000000000001,0.12521459005145796,0.057448904161481094,0.054027376886124315
3,2,Shanna Moakler,percent,0.79,0.21,0.7784894887016339,0.8010652278185694,5000,3950,1050,Uncertain,0.009999000000000001,0.10434802608695652,0.05749345256049123,0.056682919767082396
3,3,Harry Hamlin,percent,0.7852,0.2148,0.7735997409773634,0.7963623457521607,5000,3926,1074,Uncertain,0.009999000000000001,0.11594225120772947,0.06505429516870151,0.06477387544619492
3,4,Vivica A. Fox,percent,0.7736,0.2264,0.7617922461754436,0.7849876518932721,5000,3868,1132,Uncertain,0.009999000000000001,0.1287881287878788,0.07449968098664901,0.07551700326565045
3,5,Willa Ford,percent,0.7818,0.2182,0.7701375653228774,0.7930297419715823,5000,3909,1091,Uncertain,0.009999000000000001,0.13654330071033938,0.08287396261810596,0.08454521991330244
3,7,Jerry Springer,percent,0.4506,0.5494,0.43685168508865085,0.4644241666489422,5000,2253,2747,Uncertain,0.009999000000000001,0.22963002962962967,0.13161725440793262,0.13209773151352255
3,8,Monique Coleman,percent,0.5048,0.4952,0.49094298101959694,0.5186496487710823,5000,2524,2476,Uncertain,0.009999000000000001,0.2568812339449541,0.16758024848408914,0.17276813568806212
4,2,Paulina Porizkova,percent,0.8062,0.1938,0.7950101678865081,0.8169196741772377,5000,4031,969,Uncertain,0.009999000000000001,0.09610407792207794,0.05225384341604397,0.051411209462567116
4,3,Shandi Finnessey,percent,0.794,0.206,0.7825660779184023,0.8049824967607004,5000,3970,1030,Uncertain,0.009999000000000001,0.10366992477064223,0.05722662505459084,0.056330263968973324
4,4,Leeza Gibbons,percent,0.6652,0.3348,0.6519966092733439,0.6781497326891995,5000,3326,1674,Uncertain,0.009999000000000001,0.13801191812865496,0.06905275763428412,0.06675249601942089
4,5,Clyde Drexler,percent,0.4458,0.5542,0.43206921281239136,0.4596140091345225,5000,2229,2771,Uncertain,0.009999000000000001,0.17613661363636365,0.07963009538803398,0.07416595220797845
4,6,Heather Mills,percent,0.724,0.276,0.7114409189709293,0.7362151379274345,5000,3620,1380,Uncertain,0.009999000000000001,0.15042045378151261,0.0877738252858692,0.08962088894517337
4,7,John Ratzenberger,percent,0.6208,0.3792,0.6072633775869273,0.6341511388118334,5000,3104,1896,Uncertain,0.009999000000000001,0.18770259870550163,0.10675478268654838,0.10759118948521644
4,8,Billy Ray Cyrus,percent,0.3864,0.6136,0.37299526787981135,0.39997916040744713,5000,1932,3068,Uncertain,0.009999000000000001,0.24860597768924303,0.13612785257272397,0.13494413088342747
4,9,Ian Ziering,percent,0.5228,0.4772,0.5089429240846676,0.5366220674210588,5000,2614,2386,Uncertain,0.009999000000000001,0.2552747616033755,0.16901364078729875,0.17475890316935144
5,1,Josie Maran,percent,0.6304,0.3696,0.6169249879637615,0.6436747880163574,5000,3152,1848,Uncertain,0.009999000000000001,0.10441002399481193,0.05213788447181064,0.04972434151845034
5,2,Albert Reed,percent,0.8306,0.1694,0.8199497060683745,0.8407426707646573,5000,4153,847,Uncertain,0.009999000000000001,0.09358306951871659,0.052090274944754114,0.05170191552321358
5,3,Wayne Newton,percent,0.5928,0.4072,0.5791153038981784,0.6063422053882865,5000,2964,2036,Uncertain,0.009999000000000001,0.1246863924686192,0.06265652888336211,0.06050274704540627
5,4,Floyd Mayweather Jr. ,percent,0.694,0.306,0.6810815487747273,0.7066205719318914,5000,3470,1530,Uncertain,0.009999000000000001,0.12393184615384617,0.06703795667331765,0.0662051840450491
5,5,Mark Cuban,percent,0.6436,0.3564,0.6302189832086742,0.6567605246958126,5000,3218,1782,Uncertain,0.009999000000000001,0.14447261180904522,0.07755736320102305,0.07640835258918469
5,6,Sabrina Bryan,percent,0.7414,0.2586,0.7290809068724198,0.7533484330171563,5000,3707,1293,Uncertain,0.009999000000000001,0.1468256825396825,0.08695948187798813,0.08761409480855484
5,7,Jane Seymour,percent,0.6416,0.3584,0.6282040423989482,0.6547785364260889,5000,3208,1792,Uncertain,0.009999000000000001,0.17307725641025642,0.1030437376883664,0.1052871042137959
5,8,Cameron Mathison,percent,0.6258,0.3742,0.6122947640827537,0.639112075014631,5000,3129,1871,Uncertain,0.009999000000000001,0.20608405019011408,0.12971696409233904,0.13342179684517552
5,9,Jennie Garth,percent,0.5404,0.4596,0.526560274929188,0.5541776924756954,5000,2702,2298,Uncertain,0.009999000000000001,0.25213725213675214,0.16807254145539524,0.17336477998295663
6,2,Monica Seles,percent,0.6462,0.3538,0.6328387831413795,0.6593367325663919,5000,3231,1769,Uncertain,0.009999000000000001,0.11653007216130173,0.0551762962450217,0.051755600640075235
6,2,Penn Jillette,percent,0.7808,0.2192,0.7691194952414317,0.792049347513303,5000,3904,1096,Uncertain,0.009999000000000001,0.10945543473646978,0.05435162992036942,0.052106316592275596
6,3,Steve Guttenberg,percent,0.7732,0.2268,0.7613853218041645,0.7845951904486613,5000,3866,1134,Uncertain,0.009999000000000001,0.10789493684210526,0.05913806327497574,0.05829827442741756
6,4,Adam Carolla,percent,0.5682,0.4318,0.5544230505099891,0.5818722310992449,5000,2841,2159,Uncertain,0.009999000000000001,0.13777799999999998,0.06996585540128113,0.06738602862240109
6,5,Priscilla Presley,percent,0.6446,0.3554,0.6312265480537086,0.657751424390503,5000,3223,1777,Uncertain,0.009999000000000001,0.14285739285714286,0.07646205070642224,0.07541014426474196
6,6,Marlee Matlin,percent,0.563,0.437,0.5492079889123116,0.5766952770903531,5000,2815,2185,Uncertain,0.009999000000000001,0.16904790476190476,0.0913904140474293,0.09061818043184372
6,7,Shannon Elizabeth,percent,0.7036,0.2964,0.6907893517384325,0.7160980285495446,5000,3518,1482,Uncertain,0.009999000000000001,0.1682851229773463,0.10333411150483121,0.10593365994064566
6,8,Mario,percent,0.6398,0.3602,0.626390810354662,0.6529945322988704,5000,3199,1801,Uncertain,0.009999000000000001,0.20149852734082394,0.12874670215172643,0.13294295597749517
6,9,Marissa Jaret Winokur,percent,0.4702,0.5298,0.45639351529456496,0.48405224142163494,5000,2351,2649,Uncertain,0.009999000000000001,0.26363686363636357,0.16951181030987958,0.1747478790813944
7,1,Ted McGinley,percent,0.9066,0.0934,0.8982190059284602,0.9143566759236591,5000,4533,467,Uncertain,0.009999000000000001,0.08845254761904763,0.047172064976174,0.045690852649589914
7,1,Jeffrey Ross,percent,0.4962,0.5038,0.4823493453844886,0.510056489364557,5000,2481,2519,Uncertain,0.009999000000000001,0.11209672751322748,0.05114218319864674,0.04730154309470451
7,2,Kim Kardashian,percent,0.7276,0.2724,0.7150885999775899,0.7397619292637835,5000,3638,1362,Uncertain,0.009999000000000001,0.10489528671328673,0.05454139851014861,0.052339183934837885
7,4,Rocco DiSpirito,percent,0.6112,0.3888,0.5976073525267428,0.6246219042906592,5000,3056,1944,Uncertain,0.009999000000000001,0.1335524937055282,0.06966508174599832,0.0680290184680256
7,5,Toni Braxton,percent,0.7322,0.2678,0.7197510064941107,0.7442924596299968,5000,3661,1339,Uncertain,0.009999000000000001,0.1371797371794872,0.07672113446600631,0.07650407003059437
7,6,Cloris Leachman,percent,0.3694,0.6306,0.3561268626244977,0.3828736684874385,5000,1847,3153,Uncertain,0.009999000000000001,0.1919645714285714,0.09182124757928357,0.08794345549508154
7,7,Susan Lucci,percent,0.7166,0.2834,0.7039460478397762,0.728921371464624,5000,3583,1417,Uncertain,0.009999000000000001,0.1700683605442177,0.10320807360659479,0.1046540963843735
7,8,Maurice Greene,percent,0.573,0.427,0.5592383203095206,0.5866495910903926,5000,2865,2135,Uncertain,0.009999000000000001,0.21176510588235295,0.1300771509189797,0.13263252849940238
7,9,Cody Linley,percent,0.4446,0.5554,0.43087379749444665,0.4584112670047974,5000,2223,2777,Uncertain,0.009999000000000001,0.2711447786069652,0.1701890564160859,0.17406443506676247
8,2,Belinda Carlisle,percent,0.7994,0.2006,0.7880721344169085,0.8102681487767082,5000,3997,1003,Uncertain,0.009999000000000001,0.08592177939042094,0.045171767413483624,0.04345595870354943
8,3,Denise Richards,percent,0.7396,0.2604,0.727254950069367,0.7515771536487044,5000,3698,1302,Uncertain,0.009999000000000001,0.10367470734908138,0.05130951758833739,0.04840290006928656
8,4,Steve Wozniak,percent,0.5288,0.4712,0.5149469010780029,0.5426088776660726,5000,2644,2356,Uncertain,0.009999000000000001,0.142801852892562,0.06151661459384527,0.05592597162437399
8,4,Holly Madison,percent,0.7862,0.2138,0.7746182467743629,0.7973423044948861,5000,3931,1069,Uncertain,0.009999000000000001,0.12792581983471077,0.06114752687137118,0.057541188099776173
8,5,David Alan Grier,percent,0.7836,0.2164,0.771970339229363,0.7947942042366013,5000,3918,1082,Uncertain,0.009999000000000001,0.1174605396825397,0.06603502971128392,0.06676766201182432
8,6,Steve-O,percent,0.4906,0.5094,0.4767556914822727,0.5044587418443138,5000,2453,2547,Uncertain,0.009999000000000001,0.16397874462365594,0.07943331021227142,0.0758189423465494
8,7,Lawrence Taylor,percent,0.5446,0.4554,0.5307669705663961,0.5583645479053317,5000,2723,2277,Uncertain,0.009999000000000001,0.170329956043956,0.09139404418136299,0.09045931369634796
8,8,Chuck Wicks,percent,0.6874,0.3126,0.6744112255321201,0.7001010292123148,5000,3437,1563,Uncertain,0.009999000000000001,0.1698721282051282,0.10359174823862259,0.10602950906545158
8,9,Lil' Kim,percent,0.6268,0.3732,0.6133012242208565,0.640104079416253,5000,3134,1866,Uncertain,0.009999000000000001,0.2052438456928839,0.12912854868785922,0.13116481413877307
8,10,Ty Murray,percent,0.392,0.608,0.37855573462601627,0.4056100950837013,5000,1960,3040,Uncertain,0.009999000000000001,0.2808224178082192,0.17247481813149657,0.17417956216973834
9,1,Ashley Hamiliton,percent,0.7772,0.2228,0.7654552485256298,0.7885191218860954,5000,3886,1114,Uncertain,0.009999000000000001,0.0827489678114988,0.040490391550929046,0.03762042338349323
9,1,Macy Gray,percent,0.7796,0.2204,0.7678979400707361,0.7908727452363288,5000,3898,1102,Uncertain,0.009999000000000001,0.0827489678114988,0.04051937424940967,0.038108920928836415
9,2,Kathy Ireland,percent,0.7746,0.2254,0.7628096232359446,0.785968739372496,5000,3873,1127,Uncertain,0.009999000000000001,0.08163279591836735,0.04300517841913206,0.0416783203173811
9,3,Debi Mazar,percent,0.7794,0.2206,0.7676943611628184,0.7906766312363014,5000,3897,1103,Uncertain,0.009999000000000001,0.08795483482409068,0.04563675289698282,0.04404794756140067
9,4,Chuck Liddell,percent,0.7046,0.2954,0.6918009631654926,0.7170848816622094,5000,3523,1477,Uncertain,0.009999000000000001,0.11157042975206614,0.05581185986712892,0.05253308921685099
9,5,Natalie Coughlin,percent,0.751,0.249,0.7388238986577513,0.7627907008131831,5000,3755,1245,Uncertain,0.009999000000000001,0.1090911090909091,0.05951949311238875,0.0594082888070227
9,6,Melissa Joan Hart,percent,0.7338,0.2662,0.7213731069956117,0.7458679023920556,5000,3669,1331,Uncertain,0.009999000000000001,0.14490412130186217,0.0740361894483749,0.07232085782157105
9,6,Louie Vito,percent,0.7396,0.2604,0.727254950069367,0.7515771536487044,5000,3698,1302,Uncertain,0.009999000000000001,0.14490378476223573,0.07465549236799682,0.07286979949473324
9,7,Mark Dacascos,percent,0.6408,0.3592,0.627398136424269,0.6539856707689883,5000,3204,1796,Uncertain,0.009999000000000001,0.1868426885090218,0.09978157791777344,0.09859389074463629
9,7,Michael Irvin,percent,0.7542,0.2458,0.7420733003073688,0.7659363856906852,5000,3771,1229,Uncertain,0.009999000000000001,0.177346012345679,0.09937207259822876,0.09960712721140129
9,8,Aaron Carter,percent,0.602,0.398,0.5883588303875164,0.6154845526644172,5000,3010,1990,Uncertain,0.009999000000000001,0.20916070534351144,0.13020722268145624,0.13304868132617792
9,9,Joanna Krupa,percent,0.5644,0.4356,0.5506118928281887,0.578089223530091,5000,2822,2178,Uncertain,0.009999000000000001,0.24687462987982148,0.16602075358930898,0.1722980218310023
10,2,Shannen Doherty,percent,0.846,0.154,0.8357296907150209,0.8557390400297733,5000,4230,770,Uncertain,0.009999000000000001,0.09090927272727271,0.050674563340378974,0.05043442575048283
10,3,Buzz Aldrin,percent,0.4944,0.5056,0.4805511957786561,0.5082574027988849,5000,2472,2528,Uncertain,0.009999000000000001,0.13596079113300494,0.06315334952822299,0.05912460813822407
10,4,Aiden Turner,percent,0.6616,0.3384,0.648364909227268,0.674586960392266,5000,3308,1692,Uncertain,0.009999000000000001,0.13327365738244984,0.06898434277953062,0.0678050380230529
10,5,Kate Gosselin,percent,0.5284,0.4716,0.5145465736609077,0.5422098192672776,5000,2642,2358,Uncertain,0.009999000000000001,0.16329504768786127,0.08026645621013889,0.07675689877064648
10,6,Jake Pavelka,percent,0.6086,0.3914,0.5949931298649711,0.6220401191491465,5000,3043,1957,Uncertain,0.009999000000000001,0.1660974243854952,0.09076830036593132,0.09023338243374213
10,7,Pamela Anderson,percent,0.6902,0.3098,0.6772406869431501,0.7028672685125142,5000,3451,1549,Uncertain,0.009999000000000001,0.16934652840300107,0.10330944320168581,0.10569892777705596
10,8,Niecy Nash,percent,0.4924,0.5076,0.47855346223215445,0.5062582072659368,5000,2462,2538,Uncertain,0.009999000000000001,0.23003992569169965,0.13316415548109475,0.13395490842256735
10,9,Chad Ochocinco,percent,0.4424,0.5576,0.42868241375932786,0.45620602875252153,5000,2212,2788,Uncertain,0.009999000000000001,0.26991200442477875,0.17081833785780917,0.17475728355219194
11,1,David Hasselhoff,percent,0.7234,0.2766,0.7108330700752568,0.7356239080992724,5000,3617,1383,Uncertain,0.009999000000000001,0.1005875381791483,0.05166416275588927,0.0497059788619561
11,2,Michael Bolton,percent,0.4334,0.5666,0.41972051410147965,0.4471817475528462,5000,2167,2833,Uncertain,0.009999000000000001,0.12751972110242696,0.058022723468007825,0.054107759931229044
11,3,Margaret Cho,percent,0.654,0.346,0.6407007595485921,0.6670627795690331,5000,3270,1730,Uncertain,0.009999000000000001,0.11855223619909502,0.06153865419193526,0.06031021379243657
11,4,The Situation,percent,0.5808,0.4192,0.567065946751278,0.594409988058489,5000,2904,2096,Uncertain,0.009999000000000001,0.14401015394165115,0.07036322591519185,0.06624508622567263
11,5,Florence Henderson,percent,0.7276,0.2724,0.7150885999775899,0.7397619292637835,5000,3638,1362,Uncertain,0.009999000000000001,0.13461563461538462,0.07516665392277952,0.07488227659931705
11,6,Audrina Patridge,percent,0.824,0.176,0.8131965801997328,0.8343059306711148,5000,4120,880,Uncertain,0.009999000000000001,0.13112564286697723,0.08202699476718983,0.08443447226737916
11,7,Rick Fox,percent,0.6978,0.3022,0.6849234317382891,0.710372854219284,5000,3489,1511,Uncertain,0.009999000000000001,0.16786604076738612,0.10266933389539715,0.10451632674659461
11,8,Kurt Warner,percent,0.5468,0.4532,0.5329708721925923,0.5605572682665301,5000,2734,2266,Uncertain,0.009999000000000001,0.21886832452830193,0.13166902100554523,0.13347029998044335
11,9,Brandy,percent,0.5438,0.4562,0.5299656190588197,0.5575671277811282,5000,2719,2281,Uncertain,0.009999000000000001,0.25000049999999996,0.16621068470217132,0.17235407017652826
12,2,Mike Catherwood,percent,0.7422,0.2578,0.7298925288398849,0.754135582681471,5000,3711,1289,Uncertain,0.009999000000000001,0.10311465993265993,0.05425109753788721,0.053096851429508075
12,3,Wendy Williams,percent,0.5264,0.4736,0.5125450700928168,0.5402143937559188,5000,2632,2368,Uncertain,0.009999000000000001,0.12990674205607478,0.06342046496221096,0.060319026972374304
12,4,Sugar Ray Leonard,percent,0.7258,0.2742,0.713264633211564,0.7379886598583045,5000,3629,1371,Uncertain,0.009999000000000001,0.12028069687162897,0.06563324639665337,0.06555554753874204
12,5,Petra Nemcova,percent,0.694,0.306,0.6810815487747273,0.7066205719318914,5000,3470,1530,Uncertain,0.009999000000000001,0.13659818814432992,0.07579223205194355,0.07575857484033711
12,6,Chris Jericho,percent,0.5878,0.4122,0.5740937234996372,0.6013714630882036,5000,2939,2061,Uncertain,0.009999000000000001,0.16349234920634922,0.08985712199606376,0.08916945032707622
12,7,Kendra Wilkinson,percent,0.6792,0.3208,0.6661280646242451,0.691996780894446,5000,3396,1604,Uncertain,0.009999000000000001,0.1715299531388152,0.103663568704798,0.10575361934368821
12,8,Romeo,percent,0.6516,0.3484,0.6382812760835644,0.664685948138721,5000,3258,1742,Uncertain,0.009999000000000001,0.20000040000000002,0.12802375470668365,0.1313468395643456
12,9,Ralph Macchio,percent,0.3828,0.6172,0.36942167399212555,0.3963582819521234,5000,1914,3086,Uncertain,0.009999000000000001,0.2957451808510638,0.17420429813387872,0.17601380783578757
13,1,Metta World Peace (Ron),percent,0.6682,0.3318,0.6550236775973697,0.6811180579843483,5000,3341,1659,Uncertain,0.009999000000000001,0.10215070430107527,0.05149634317428897,0.04907012585268944
13,2,Elisabetta Canalis,percent,0.8434,0.1566,0.8330632006596455,0.8532095222818643,5000,4217,783,Uncertain,0.009999000000000001,0.08764796004891968,0.049582087972725966,0.049709911785904344
13,3,Kristin Cavallari,percent,0.8386,0.1614,0.8281429940300123,0.848537099120818,5000,4193,807,Uncertain,0.009999000000000001,0.09873437721518988,0.0560926230687862,0.05588633287852728
13,4,Chynna Phillips,percent,0.738,0.262,0.725632100089178,0.7500024603653336,5000,3690,1310,Uncertain,0.009999000000000001,0.12174397554492294,0.06671234784452408,0.06565089453787276
13,5,Carson Kressley,percent,0.5928,0.4072,0.5791153038981784,0.6063422053882865,5000,2964,2036,Uncertain,0.009999000000000001,0.14893642021276599,0.07901161224837418,0.07817058585639536
13,6,Chaz Bono,percent,0.5916,0.4084,0.5779099918522723,0.605149359986523,5000,2958,2042,Uncertain,0.009999000000000001,0.17125674010327022,0.09163073625370624,0.09086416244191903
13,7,David Arquette,percent,0.6636,0.3364,0.6503824154091015,0.6765663832898822,5000,3318,1682,Uncertain,0.009999000000000001,0.1729241103526735,0.1039420777169989,0.10626204532710917
13,8,Nancy Grace,percent,0.4648,0.5352,0.45100739978078513,0.4786466484209006,5000,2324,2676,Uncertain,0.009999000000000001,0.23011623011583013,0.13222487657235757,0.1325579252012705
13,9,Hope Solo,percent,0.3518,0.6482,0.3386818601915939,0.36514569502118516,5000,1759,3241,Uncertain,0.009999000000000001,0.29325026054751285,0.1721951887016089,0.17333715662168447
14,2,Martina Navratilova,percent,0.6178,0.3822,0.6042452736160189,0.6311738491635672,5000,3089,1911,Uncertain,0.009999000000000001,0.1034698073110285,0.05143346901979624,0.049097337883553485
14,3,Jack Wagner,percent,0.7974,0.2026,0.7860324929515007,0.8083108611626663,5000,3987,1013,Uncertain,0.009999000000000001,0.09610407792207794,0.052855196086051534,0.05212568437864261
14,4,Sherri Sheperd,percent,0.7538,0.2462,0.7416670767959982,0.765543223386166,5000,3769,1231,Uncertain,0.009999000000000001,0.10987144463519312,0.06039075395675837,0.059965665188167025
14,5,Gavin DeGraw,percent,0.5804,0.4196,0.5666644449679895,0.5940121040258876,5000,2902,2098,Uncertain,0.009999000000000001,0.13740101587301587,0.06894928878291288,0.06629917205527355
14,6,Gladys Knight,percent,0.5282,0.4718,0.5143464132909682,0.5420102867292723,5000,2641,2359,Uncertain,0.009999000000000001,0.15697674179668317,0.07934847370204659,0.07685813514127751
14,7,Jaleel White,percent,0.7298,0.2702,0.7173182379049,0.7419289133238679,5000,3649,1351,Uncertain,0.009999000000000001,0.14674999377189568,0.08688391472230993,0.08813081633739538
14,8,Roshon Fegan,percent,0.8036,0.1964,0.7923567898486168,0.8143770444118441,5000,4018,982,Uncertain,0.009999000000000001,0.1955539168195719,0.12014211061597439,0.12270638154165076
14,8,Melissa Gilbert,percent,0.695,0.305,0.6820924711707316,0.707608114075612,5000,3475,1525,Uncertain,0.009999000000000001,0.2077863327217125,0.12130181609433842,0.12283232607316373
14,9,Maria Menounos,percent,0.5644,0.4356,0.5506118928281887,0.578089223530091,5000,2822,2178,Uncertain,0.009999000000000001,0.24347876086956521,0.16364271861357477,0.16991143179687518
15,1,Pamela Anderson,percent,0.6486,0.3514,0.6352574398215638,0.6617143907815473,5000,3243,1757,Uncertain,0.009999000000000001,0.09236348671581583,0.04682809205931897,0.04498305772976645
15,2,Joey Fatone,percent,0.826,0.174,0.8152423946073641,0.8362570453429332,5000,4130,870,Uncertain,0.009999000000000001,0.08514509420289856,0.04683565628828559,0.045849577721053164
15,3,Helio Castroneves,percent,0.8684,0.1316,0.8587460797281686,0.8774882567064618,5000,4342,658,Uncertain,0.009999000000000001,0.0986404877697842,0.0547319352155881,0.05416741781361881
15,3,Drew Lachey,percent,0.796,0.204,0.7846049977465387,0.8069405060120137,5000,3980,1020,Uncertain,0.009999000000000001,0.10349660287769785,0.05642874902731329,0.05608062636377381
15,4,Bristol Palin,percent,0.7108,0.2892,0.6980745890289819,0.723201735945014,5000,3554,1446,Uncertain,0.009999000000000001,0.12268900743044751,0.06709623345966806,0.06690517417743613
15,6,Sabrina Bryan,percent,0.8252,0.1748,0.8144240083036643,0.8354766600148532,5000,4126,874,Uncertain,0.009999000000000001,0.11725688716814159,0.06985100874117098,0.07054781104886454
15,8,Gilles Marini,percent,0.828,0.172,0.8172887167314612,0.8382076522982859,5000,4140,860,Uncertain,0.009999000000000001,0.16342062585019676,0.09611650986353797,0.0977017559631885
15,8,Kirstie Alley,percent,0.6742,0.3258,0.6610796083372266,0.6870529144828403,5000,3371,1629,Uncertain,0.009999000000000001,0.1792181188591046,0.09941088331793341,0.09939161729598991
15,9,Apolo Anton Ohno,percent,0.7574,0.2426,0.7453235896242815,0.769081182900892,5000,3787,1213,Uncertain,0.009999000000000001,0.24671273236645186,0.15438025945379522,0.15780809311239924
15,9,Emmitt Smith,percent,0.6826,0.3174,0.6695619853259701,0.6953576396277855,5000,3413,1587,Uncertain,0.009999000000000001,0.25528189953489266,0.15450850274744565,0.15662914890583485
16,3,Wynonna Judd,percent,0.5904,0.4096,0.5767047637302916,0.603956430660834,5000,2952,2048,Uncertain,0.009999000000000001,0.11798846775568983,0.05629107917122025,0.05269687549414607
16,4,Lisa Vanderpump,percent,0.6742,0.3258,0.6610796083372266,0.6870529144828403,5000,3371,1629,Uncertain,0.009999000000000001,0.11964305714285713,0.061807603210031724,0.05939079435060748
16,5,D. L. Hughley,percent,0.6414,0.3586,0.6280025621416813,0.654580323775411,5000,3207,1793,Uncertain,0.009999000000000001,0.13609804253056887,0.06970135928860452,0.06724764718494024
16,6,Victor Ortiz,percent,0.6278,0.3722,0.6143077455335494,0.641096022643285,5000,3139,1861,Uncertain,0.009999000000000001,0.1438994542440318,0.0779147430445788,0.0762219573857524
16,7,Andy Dick,percent,0.3656,0.6344,0.35235869360888894,0.3790476722520928,5000,1828,3172,Uncertain,0.009999000000000001,0.19332326708074538,0.09029920265029316,0.0856558105961151
16,8,Sean Lowe,percent,0.4798,0.5202,0.465972838236782,0.49365817806077644,5000,2399,2601,Uncertain,0.009999000000000001,0.19828543515541264,0.10755032789389952,0.10643185839352233
16,9,Ingo Rademacher,percent,0.5162,0.4838,0.5023408589769139,0.5300342665666283,5000,2581,2419,Uncertain,0.009999000000000001,0.2191493361702128,0.1307179437586121,0.13234248985193547
16,10,Alexandra Raisman,percent,0.5278,0.4722,0.5139460992275473,0.5416112149768033,5000,2639,2361,Uncertain,0.009999000000000001,0.2521370402876412,0.16781318499880343,0.1734744947760256
17,2,Keyshawn Johnson,percent,0.7006,0.2994,0.6877549525839692,0.7131370340848333,5000,3503,1497,Uncertain,0.009999000000000001,0.0989976604010025,0.05050911518305435,0.04841850287276078
17,3,Bill Nye,percent,0.5674,0.4326,0.5536206332652978,0.5810758767121564,5000,2837,2163,Uncertain,0.009999000000000001,0.11907326559714794,0.057256793484776004,0.05348199768859506
17,4,Valerie Harper,percent,0.5944,0.4056,0.5807225173739805,0.6079325351760443,5000,2972,2028,Uncertain,0.009999000000000001,0.1240508329113924,0.06270388243316831,0.060820633677144284
17,5,Christina Milian,percent,0.846,0.154,0.8357296907150209,0.8557390400297733,5000,4230,770,Uncertain,0.009999000000000001,0.10307350827423165,0.06083345110399974,0.06139159578254662
17,7,"Nicole ""Snooki"" Polizzi",percent,0.7602,0.2398,0.7481683302688462,0.7718321429675568,5000,3801,1199,Uncertain,0.009999000000000001,0.1281040874717833,0.07433462575262006,0.07557593974141115
17,8,Brant Daugherty,percent,0.7344,0.2656,0.7219814475183577,0.7464586405931446,5000,3672,1328,Uncertain,0.009999000000000001,0.14508957142857143,0.08522083938021881,0.08576631454252392
17,9,Elizabeth Berkley Lauren,percent,0.7788,0.2212,0.7670836477127209,0.7900882659625642,5000,3894,1106,Uncertain,0.009999000000000001,0.1555558888888889,0.09958193677387858,0.10366981061113616
17,10,Leah Remini,percent,0.57,0.43,0.5562286226206655,0.5836638951600731,5000,2850,2150,Uncertain,0.009999000000000001,0.2142861142857143,0.1304354393292951,0.13430485797671993
17,11,Bill Engvall,percent,0.406,0.594,0.39246503324921,0.4196793000166553,5000,2030,2970,Uncertain,0.009999000000000001,0.2772927827543201,0.1719593973821068,0.17520484778558632
18,2,Sean Avery,percent,0.9792,0.0208,0.9748607080227001,0.9828034994134425,5000,4896,104,Definite-Wrongful,0.009999000000000001,0.09484369895678096,0.051343487162061455,0.05113598823374001
18,2,Diana Nyad,percent,0.0854,0.9146,0.07796805637104694,0.09346854545903498,5000,427,4573,Uncertain,0.009999000000000001,0.17308512965722797,0.05123315350367859,0.04145253726426022
18,5,Cody Simpson,percent,0.7474,0.2526,0.7351693685686875,0.7592507585592374,5000,3737,1263,Uncertain,0.009999000000000001,0.11663238233264318,0.06466230163267524,0.06320686130402214
18,6,Drew Carey,percent,0.7028,0.2972,0.6899801149234891,0.7153084937327082,5000,3514,1486,Uncertain,0.009999000000000001,0.1365250726950355,0.07687172469737698,0.0774678398936719
18,7,NeNe Leakes,percent,0.6592,0.3408,0.6459442466557617,0.6722113080684327,5000,3296,1704,Uncertain,0.009999000000000001,0.1552797888198758,0.08912245338259397,0.0899410619824278
18,8,Danica McKellar,percent,0.7216,0.2784,0.7090096901571611,0.7338500518458632,5000,3608,1392,Uncertain,0.009999000000000001,0.16519207374631267,0.10243096776344214,0.1056010891109006
18,9,Charlie White,percent,0.6334,0.3666,0.6199454001266687,0.6466497694726248,5000,3167,1833,Uncertain,0.009999000000000001,0.20104752041884816,0.12826969071429958,0.13224527989858662
18,10,James Maslow,percent,0.565,0.435,0.5512135999954926,0.5786865950866218,5000,2825,2175,Uncertain,0.009999000000000001,0.24709293509868627,0.16688854033869813,0.1724521289244562
19,1,Lolo Jones,percent,0.6852,0.3148,0.672188459600526,0.6979271731565143,5000,3426,1574,Uncertain,0.009999000000000001,0.09470652274607118,0.04715804683010708,0.044685465131537774
19,2,Tavis Smiley,percent,0.8142,0.1858,0.8031792085307419,0.8247383498508025,5000,4071,929,Uncertain,0.009999000000000001,0.08931876703499084,0.048769973314429164,0.047970047052517575
19,3,Randy Couture,percent,0.6858,0.3142,0.6727946352524051,0.6985200762284699,5000,3429,1571,Uncertain,0.009999000000000001,0.10816397270151945,0.05624877879227788,0.05459584931248958
19,4,Betsey Johnson,percent,0.7806,0.2194,0.7689158929649743,0.7918532568818154,5000,3903,1097,Uncertain,0.009999000000000001,0.10937519999999998,0.058934415686200704,0.05828019989901033
19,6,Jonathan Bennett,percent,0.8046,0.1954,0.7933772309925992,0.8153550678075866,5000,4023,977,Uncertain,0.009999000000000001,0.11300742737959803,0.06452031763873183,0.06575450959340833
19,7,Antonio Sabato Jr.,percent,0.713,0.287,0.7003013976250896,0.7253715493363011,5000,3565,1435,Uncertain,0.009999000000000001,0.13588032736943906,0.07636855774029186,0.0768487644247341
19,8,Michael Waltrip,percent,0.4752,0.5248,0.46138210680442326,0.4890559726104009,5000,2376,2624,Uncertain,0.009999000000000001,0.1849081198156682,0.09199038753748057,0.08880026616367367
19,9,Lea Thompson,percent,0.7108,0.2892,0.6980745890289819,0.723201735945014,5000,3554,1446,Uncertain,0.009999000000000001,0.1697822647975078,0.10411906595810273,0.10624634730658922
19,10,Tommy Chong,percent,0.45,0.55,0.43625380517210033,0.4638229678416579,5000,2250,2750,Uncertain,0.009999000000000001,0.23013738630136987,0.1323562900496536,0.13295832833473323
19,11,Bethany Mota,percent,0.5086,0.4914,0.4947414735870476,0.5224453214545861,5000,2543,2457,Uncertain,0.009999000000000001,0.25692961925185337,0.1696632789184805,0.17557690463239717
20,2,Redfoo,percent,0.8706,0.1294,0.86101117471923,0.8796197837027954,5000,4353,647,Uncertain,0.009999000000000001,0.07732965754082614,0.044008559931078835,0.044027662922177316
20,3,Charlotte McKinney,percent,0.662,0.338,0.6487683895216195,0.6749828659138045,5000,3310,1690,Uncertain,0.009999000000000001,0.11153082370026142,0.05598072295069353,0.053624122813814595
20,4,Michael Sam,percent,0.764,0.236,0.7520301660528967,0.7755644724344608,5000,3820,1180,Uncertain,0.009999000000000001,0.1076925076923077,0.05945448091298999,0.05836520032819137
20,5,Suzanne Somers,percent,0.7724,0.2276,0.7605715182542049,0.7838102223668412,5000,3862,1138,Uncertain,0.009999000000000001,0.12328251511582256,0.06768659500951041,0.06810632453832205
20,6,Patti LaBelle,percent,0.74,0.26,0.7276606952622925,0.7519707942716688,5000,3700,1300,Uncertain,0.009999000000000001,0.1298589072438163,0.07437667418025942,0.07493884714306324
20,7,Willow Shields,percent,0.807,0.193,0.7958267436858724,0.8177018700096532,5000,4035,965,Uncertain,0.009999000000000001,0.13217126434195725,0.08163021979111645,0.08370991466331892
20,8,Robert Herjavec,percent,0.6696,0.3304,0.6564365134215995,0.6825030725157331,5000,3348,1652,Uncertain,0.009999000000000001,0.22116824869976356,0.12172534579326211,0.12109604954540218
20,8,Chris Soules,percent,0.7182,0.2818,0.7055662062557365,0.7304987563122233,5000,3591,1409,Uncertain,0.009999000000000001,0.21738574278959807,0.12296486182515652,0.12297909844091287
20,9,Nastia Liukin,percent,0.567,0.433,0.553219438304404,0.5806776858571601,5000,2835,2165,Uncertain,0.009999000000000001,0.24522342993630572,0.16523244689509722,0.17057676263231047
21,2,Victor Espinoza,percent,0.8404,0.1596,0.8299876902638044,0.8502896390585308,5000,4202,798,Uncertain,0.009999000000000001,0.09282056099815157,0.048191060690442475,0.04656857853061089
21,2,Chaka Khan,percent,0.6272,0.3728,0.6137038253994106,0.6405008640535889,5000,3136,1864,Uncertain,0.009999000000000001,0.10468131269254467,0.05075137791350394,0.047816940554037984
21,4,Gary Busey,percent,0.5308,0.4692,0.5169486717482564,0.5446040360752687,5000,2654,2346,Uncertain,0.009999000000000001,0.13220358983050848,0.0633324556616808,0.0595316631086531
21,6,Paula Deen,percent,0.522,0.478,0.5081425449816395,0.5358236748923071,5000,2610,2390,Uncertain,0.009999000000000001,0.1455451281505147,0.0707425645608909,0.06733449929742483
21,7,Hayes Grier,percent,0.794,0.206,0.7825660779184023,0.8049824967607004,5000,3970,1030,Uncertain,0.009999000000000001,0.12330341742081448,0.0729356064199815,0.07378203161335653
21,8,Andy Grammer,percent,0.6126,0.3874,0.5990151780835664,0.6260119290894506,5000,3063,1937,Uncertain,0.009999000000000001,0.16200387953983367,0.08915250142755443,0.08905753720364677
21,9,Alexa PenaVega,percent,0.7972,0.2028,0.7858285523191658,0.8081151088870563,5000,3986,1014,Uncertain,0.009999000000000001,0.15096284599797366,0.09746340363711534,0.10099650572684649
21,11,Carlos PenaVega,percent,0.5714,0.4286,0.5576330842417689,0.5850572838945847,5000,2857,2143,Uncertain,0.009999000000000001,0.24576299640889523,0.1661213912020459,0.1726453025326929
22,2,Geraldo Rivera,percent,0.5308,0.4692,0.5169486717482564,0.5446040360752687,5000,2654,2346,Uncertain,0.009999000000000001,0.11158208757062148,0.05247871151433724,0.04849391650688799
22,3,Mischa Barton,percent,0.673,0.327,0.6598682296688835,0.6858661357035137,5000,3365,1635,Uncertain,0.009999000000000001,0.10586899654775604,0.054610812471873695,0.052252344689385916
22,4,Marla Maples,percent,0.7262,0.2738,0.7136699372819119,0.7383827416038465,5000,3631,1369,Uncertain,0.009999000000000001,0.11222590532915361,0.05978449116615796,0.05871331220900593
22,6,Doug Flutie,percent,0.6304,0.3696,0.6169249879637615,0.6436747880163574,5000,3152,1848,Uncertain,0.009999000000000001,0.12971143122858542,0.06794349705290463,0.06642612911051471
22,7,Kim Fields,percent,0.7992,0.2008,0.7878681509601536,0.8100724393255182,5000,3996,1004,Uncertain,0.009999000000000001,0.14543419759679568,0.08244976789948116,0.0821877006785299
22,7,Von Miller,percent,0.799,0.201,0.7876641718073083,0.8098767255704187,5000,3995,1005,Uncertain,0.009999000000000001,0.14543419759679574,0.08285140168279298,0.08370174819486506
22,8,Jodie Sweetin,percent,0.7648,0.2352,0.7528433496662458,0.7763500604528916,5000,3824,1176,Uncertain,0.009999000000000001,0.1558188737672584,0.09910886856734126,0.10272846692545784
22,9,Antonio Brown,percent,0.6734,0.3266,0.6602720118192865,0.6862617393690006,5000,3367,1633,Uncertain,0.009999000000000001,0.2535980609756097,0.15366235032964815,0.15655679489297242
22,9,Wanya Morris,percent,0.7782,0.2218,0.7664729690940907,0.7894998658573594,5000,3891,1109,Uncertain,0.009999000000000001,0.24053185888501744,0.15099196188125785,0.1538734106554635
23,2,Jake T. Austin,percent,0.7854,0.2146,0.7738034341306852,0.7965583455067837,5000,3927,1073,Uncertain,0.009999000000000001,0.08566448951048952,0.04567329628981252,0.044052532079607035
23,3,Rick Perry,percent,0.7204,0.2796,0.7077942419662555,0.732667342589099,5000,3602,1398,Uncertain,0.009999000000000001,0.0958976025641026,0.04934441997642413,0.0474389872137054
23,4,Babyface,percent,0.6214,0.3786,0.6078670637458051,0.6347465313767903,5000,3107,1893,Uncertain,0.009999000000000001,0.12122242222222222,0.05920933631822373,0.055944469462095484
23,4,Vanilla Ice,percent,0.8672,0.1328,0.8575109395566052,0.8763252394303556,5000,4336,664,Uncertain,0.009999000000000001,0.10398104291187742,0.05618630487538479,0.056000675079105056
23,6,Amber Rose,percent,0.6406,0.3594,0.6271966662001873,0.6537874480851249,5000,3203,1797,Uncertain,0.009999000000000001,0.13041916575591983,0.06760310504154152,0.0655485567092674
23,7,Maureen McCormick,percent,0.725,0.275,0.7124540624647798,0.7372004589733089,5000,3625,1375,Uncertain,0.009999000000000001,0.13021803584392014,0.07362361828506718,0.07398328783135438
23,8,Ryan Lochte,percent,0.7136,0.2864,0.7009087717510936,0.7259632539341321,5000,3568,1432,Uncertain,0.009999000000000001,0.1563612088879122,0.08953814973413167,0.08993739550687796
23,9,Marilu Henner,percent,0.6488,0.3512,0.6354590110587681,0.661912512452288,5000,3244,1756,Uncertain,0.009999000000000001,0.17474335829662258,0.10413998369766755,0.10675046278829989
23,10,Terra Jole,percent,0.6726,0.3274,0.6594644582440071,0.6854705213125,5000,3363,1637,Uncertain,0.009999000000000001,0.19522224300341298,0.12616073323594407,0.1300775058909856
23,11,Jana Kramer,percent,0.4582,0.5418,0.4444265793425819,0.47203760289692,5000,2291,2709,Uncertain,0.009999000000000001,0.2667028075441901,0.16972067676124536,0.17389478227200034
24,2,Chris Kattan,percent,0.6796,0.3204,0.6665320143401642,0.6923922169944169,5000,3398,1602,Uncertain,0.009999000000000001,0.09959366260162605,0.051119729560195955,0.049310557369026495
24,3,Charo,percent,0.7374,0.2626,0.7250235851250395,0.7494118966056373,5000,3687,1313,Uncertain,0.009999000000000001,0.10562788744588747,0.055686136252184076,0.054384875736700033
24,4,Mr. T,percent,0.6848,0.3152,0.6717843563176764,0.6975318906234738,5000,3424,1576,Uncertain,0.009999000000000001,0.11411062944785275,0.06002741276074124,0.05904997656791944
24,5,Erika Jayne,percent,0.7558,0.2442,0.7436983332746692,0.7675088959869447,5000,3779,1221,Uncertain,0.009999000000000001,0.11695928654970764,0.06478398492335659,0.06443705195545117
24,6,Heather Morris,percent,0.8436,0.1564,0.8332682804522809,0.8534041353971737,5000,4218,782,Uncertain,0.009999000000000001,0.11245378159851302,0.06892341922762489,0.07096339586191407
24,7,Nancy Kerrigan,percent,0.8114,0.1886,0.8003192071690641,0.8220026505012508,5000,4057,943,Uncertain,0.009999000000000001,0.16697661791831356,0.09764762236963064,0.0987529051701159
24,7,Nick Viall,percent,0.7396,0.2604,0.727254950069367,0.7515771536487044,5000,3698,1302,Uncertain,0.009999000000000001,0.17356423320158101,0.09871965924698428,0.09943325048476921
24,8,Bonner Bolton,percent,0.454,0.546,0.44024005318887177,0.46783057798378574,5000,2270,2730,Uncertain,0.009999000000000001,0.233811288252149,0.13338570874403644,0.1336836584742065
24,9,Simone Biles,percent,0.6084,0.3916,0.5947920525016316,0.6218415036045409,5000,3042,1958,Uncertain,0.009999000000000001,0.235974097359736,0.16201516694910034,0.1687759197782743
25,2,Barbara Corcoran,percent,0.6724,0.3276,0.6592625765504871,0.6852727100980751,5000,3362,1638,Uncertain,0.009999000000000001,0.09743008744667883,0.048888834260851374,0.04668819282571593
25,2,Debbie Gibson,percent,0.875,0.125,0.8655440387249156,0.8838801636718989,5000,4375,625,Uncertain,0.009999000000000001,0.0856994354052407,0.04643920802756336,0.04545565419545047
25,4,Derek Fisher,percent,0.786,0.214,0.7744145376007392,0.7971463207605647,5000,3930,1070,Uncertain,0.009999000000000001,0.09694751492787655,0.05304867052153288,0.05241847132960199
25,5,Sasha Pieterse,percent,0.7592,0.2408,0.7471522718948636,0.7708497368018146,5000,3796,1204,Uncertain,0.009999000000000001,0.1080461770114943,0.05863437945035605,0.05792563309269075
25,6,Nick Lachey,percent,0.5802,0.4198,0.5664636975320222,0.59381315855391,5000,2901,2099,Uncertain,0.009999000000000001,0.13725512418300653,0.0695970916508346,0.06673456261592137
25,7,Nikki Bella,percent,0.7122,0.2878,0.6994916073114736,0.7245825680181373,5000,3561,1439,Uncertain,0.009999000000000001,0.15471789368770766,0.0853913183599143,0.08456266469375205
25,7,Vanessa Lachey,percent,0.8288,0.1712,0.8181073893032087,0.8389877513583182,5000,4144,856,Uncertain,0.009999000000000001,0.1427577607973422,0.08229355176039051,0.08296003408878021
25,8,Terrell Owens,percent,0.6964,0.3036,0.6835078816944705,0.7089905539074878,5000,3482,1518,Uncertain,0.009999000000000001,0.17039436954206605,0.1030052182422959,0.10466744379165388
25,9,Victoria Arlen,percent,0.6828,0.3172,0.669764005299867,0.6955553125618334,5000,3414,1586,Uncertain,0.009999000000000001,0.1925929925925926,0.12458951679580907,0.12863849564738575
25,10,Drew Scott,percent,0.4846,0.5154,0.4707644189805364,0.49845922710770113,5000,2423,2577,Uncertain,0.009999000000000001,0.2602133542535362,0.16822140218091575,0.17304015066220169
26,1,Jamie Anderson,percent,0.7822,0.2178,0.7705448208205953,0.7934218722897542,5000,3911,1089,Uncertain,0.009999000000000001,0.12111133333333336,0.06361805990485496,0.062095735231796484
26,1,Johnny Damon,percent,0.7284,0.2716,0.7158993333380734,0.7405499675350797,5000,3642,1358,Uncertain,0.009999000000000001,0.12534413756613758,0.06489530712926117,0.06291975963722714
26,2,Kareem Abdul-Jabbar,percent,0.6806,0.3194,0.6675419363313745,0.6933807595429314,5000,3403,1597,Uncertain,0.009999000000000001,0.15531403738317756,0.0838662871126836,0.08329025314886593
26,2,Arike Ogunbowale,percent,0.8608,0.1392,0.8509277576847214,0.8701182482480005,5000,4304,696,Uncertain,0.009999000000000001,0.13769053938584783,0.08022175429049994,0.08207362260532566
26,3,Jennie Finch Daigle,percent,0.6336,0.3664,0.6201467806991917,0.6468480818080468,5000,3168,1832,Uncertain,0.009999000000000001,0.27699102132701414,0.1384476505916753,0.13385708375228833
26,3,Chris Mazdzer,percent,0.7822,0.2178,0.7705448208205953,0.7934218722897542,5000,3911,1089,Uncertain,0.009999000000000001,0.2627730118483412,0.14079957006521346,0.138216890106643
26,3,Mirai Nagasu,percent,0.8312,0.1688,0.8205639057333907,0.841327549823476,5000,4156,844,Uncertain,0.009999000000000001,0.2556640071090047,0.14120616564013722,0.14204691998863156
27,1,Nikki Glaser,percent,0.794,0.206,0.7825660779184023,0.8049824967607004,5000,3970,1030,Uncertain,0.009999000000000001,0.08521885671191556,0.04559854597139597,0.044451270048717795
27,2,Danelle Umstead,percent,0.7042,0.2958,0.691396309861621,0.716690149150191,5000,3521,1479,Uncertain,0.009999000000000001,0.09827496642020947,0.050531643361228396,0.04876799173655302
27,3,Nancy McKeon,percent,0.7516,0.2484,0.7394330943852463,0.7633805838095231,5000,3758,1242,Uncertain,0.009999000000000001,0.10063755182824557,0.05322357896223973,0.0518862381505458
27,4,Tinashe,percent,0.8754,0.1246,0.8659562982401019,0.8842672899726025,5000,4377,623,Uncertain,0.009999000000000001,0.0879312344827586,0.052519802561206586,0.053194397033248506
27,6,Mary Lou Retton,percent,0.7724,0.2276,0.7605715182542049,0.7838102223668412,5000,3862,1138,Uncertain,0.009999000000000001,0.11741895099466276,0.06530192100466281,0.06515553929931436
27,7,John Schneider,percent,0.8078,0.1922,0.796643391503672,0.8184839938236333,5000,4039,961,Uncertain,0.009999000000000001,0.14274248604269293,0.08133850639687171,0.082067367573444
27,7,DeMarcus Ware,percent,0.7892,0.2108,0.7776743685279063,0.8002815763605172,5000,3946,1054,Uncertain,0.009999000000000001,0.14471292939244662,0.08275292575127655,0.0832247379669116
27,8,Juan Pablo Di Pace,percent,0.887,0.113,0.8779257229090438,0.8954800539644687,5000,4435,565,Uncertain,0.009999000000000001,0.18309356770186333,0.11649241210973842,0.12000942393063738
27,8,Joe Amabile,percent,0.5764,0.4236,0.5626499333408851,0.5900327574940926,5000,2882,2118,Uncertain,0.009999000000000001,0.21787617639751553,0.12068272173511829,0.11980614244462298
28,2,Mary Wilson,rank,0.8898,0.1102,0.8808191448758257,0.8981823327089166,5000,4449,551,Uncertain,0.057499999999999996,0.9425,0.046175216101756504,0.045984889234037776
28,4,Lamar Odom,rank,1.0,0.0,0.9992322698624194,1.0,5000,5000,0,Definite-Wrongful,0.06,0.94,0.11967165332631981,0.07910342295323197
28,6,Sailor Brinkley-Cook,rank,1.0,0.0,0.9992322698624194,1.0,5000,5000,0,Definite-Wrongful,0.033333333333333326,0.9666666666666667,0.10247303005606904,0.09196649366044837
28,7,Karamo Brown,rank,0.8576,0.1424,0.8476387524969624,0.8670121669086399,5000,4288,712,Uncertain,0.05249999999999999,0.9475,0.1261672187269121,0.11193256163311563
28,8,Kate Flannery,rank,0.8928,0.1072,0.8839211994544246,0.9010756717494922,5000,4464,536,Uncertain,0.051428571428571435,0.9485714285714286,0.14087769474135756,0.12566147759360238
28,9,Sean Spicer,rank,0.4758,0.5242,0.4619808311998524,0.4896563269388066,5000,2379,2621,Uncertain,0.06,0.94,0.15316235989222926,0.13772183806225033
28,10,James Van Der Beek,rank,0.442,0.558,0.42828400971726943,0.45580504697869006,5000,2210,2790,Uncertain,0.06,0.94,0.19433068644832963,0.17995055004207317
29,2,Charles Oakley,rank,1.0,0.0,0.9992322698624194,1.0,5000,5000,0,Definite-Wrongful,0.057999999999999996,0.942,0.04370587853326299,0.04204530067020074
29,3,Carole Baskin,rank,0.9288,0.0712,0.9213378597500854,0.9356037348839255,5000,4644,356,Uncertain,0.06,0.94,0.04573668819944128,0.04540713581226066
29,4,Anne Heche,rank,1.0,0.0,0.9992322698624194,1.0,5000,5000,0,Definite-Wrongful,0.05769230769230771,0.9423076923076923,0.045663461054128766,0.045256502354014676
29,5,Jesse Metcalfe,rank,1.0,0.0,0.9992322698624194,1.0,5000,5000,0,Definite-Wrongful,0.057499999999999996,0.9425,0.06767103580166511,0.04603351879853415
29,6,Veron Davis,rank,0.999,0.001,0.9976610125116303,0.9995727928110643,5000,4995,5,Definite-Wrongful,0.05727272727272725,0.9427272727272727,0.11291799296281647,0.0735197983486941
29,7,Monica Aldama,rank,1.0,0.0,0.9992322698624194,1.0,5000,5000,0,Definite-Wrongful,0.06,0.94,0.05302791854598056,0.05063893061963276
29,8,Chrishell Stause,rank,0.8978,0.1022,0.8890959975065588,0.9058931963959821,5000,4489,511,Uncertain,0.048750000000000016,0.9512499999999999,0.12511511019532,0.11087786858528653
29,9,AJ McLean,rank,0.7428,0.2572,0.7305012800284584,0.7547259102167324,5000,3714,1286,Uncertain,0.055714285714285716,0.9442857142857143,0.14280483151556192,0.12816262995643052
29,10,Skai Jackson,rank,0.7634,0.2366,0.7514203163081683,0.7749752434553541,5000,3817,1183,Uncertain,0.05499999999999999,0.9450000000000001,0.1660942986440824,0.150325475213896
29,10,Johnny Weir,rank,0.8562,0.1438,0.8462003371404057,0.8656527319095819,5000,4281,719,Uncertain,0.04999999999999999,0.95,0.1652948495878681,0.15058255995730263
30,2,Martin Kove,rank,1.0,0.0,0.9992322698624194,1.0,5000,5000,0,Definite-Wrongful,0.06,0.94,0.3378566889593686,0.3417520314623104
30,3,Christine Chiu,rank,1.0,0.0,0.9992322698624194,1.0,5000,5000,0,Definite-Wrongful,0.04714285714285715,0.9528571428571428,0.0365754522282157,0.03616736815776693
30,4,Brian Austin Green,rank,0.0,1.0,0.0,0.000767730137580694,5000,0,5000,Definite-Correct,0.06,0.94,0.007827551681557174,0.00783857386542549
30,4,Matt James,rank,1.0,0.0,0.9992322698624194,1.0,5000,5000,0,Definite-Wrongful,0.05769230769230771,0.9423076923076923,0.045146358177177444,0.045260239410274565
30,5,Melanie C,rank,0.0002,0.9998,3.5304875272480036e-05,0.0011321181702531819,5000,1,4999,Definite-Correct,0.049090909090909074,0.9509090909090909,0.008252434644590483,0.008252784870970163
30,6,Kenya Moore,rank,0.0002,0.9998,3.5304875272480036e-05,0.0011321181702531819,5000,1,4999,Definite-Correct,0.06,0.94,0.008518062436069718,0.00843124108339485
30,7,"Mike ""The Miz"" Mizanin",rank,0.701,0.299,0.6881595015581089,0.7135318709265835,5000,3505,1495,Uncertain,0.06,0.94,0.11992165964171977,0.10749740116698923
30,8,Jimmie Allen,rank,0.6258,0.3742,0.6122947640827537,0.639112075014631,5000,3129,1871,Uncertain,0.06,0.94,0.12885116576420136,0.11620558541175775
30,8,Olivia Jade,rank,0.8838,0.1162,0.874621042536807,0.8923896478095862,5000,4419,581,Uncertain,0.05249999999999999,0.9475,0.12607540658691696,0.11262260656440848
30,9,Melora Hardin,rank,0.77,0.23,0.7581304671390328,0.7814549585866737,5000,3850,1150,Uncertain,0.05499999999999999,0.9450000000000001,0.16601087362123482,0.15147471689631264
30,9,Suni Lee,rank,0.941,0.059,0.9341239820825827,0.947198879936071,5000,4705,295,Uncertain,0.044999999999999984,0.9550000000000001,0.1631872765830266,0.15006440594208265
31,1,Jason Lewis,rank,1.0,0.0,0.9992322698624194,1.0,5000,5000,0,Definite-Wrongful,0.05812499999999998,0.941875,0.04219128325012284,0.0421099721162162
31,2,Teresa Giudice,rank,0.0,1.0,0.0,0.000767730137580694,5000,0,5000,Definite-Correct,0.057999999999999996,0.942,0.007436043804566009,0.007440521835519118
31,3,Cheryl Ladd,rank,0.9404,0.0596,0.9334934874902042,0.9466302958046148,5000,4702,298,Uncertain,0.05785714285714283,0.9421428571428572,0.04374924567614703,0.04373341378198367
31,4,Sam Champion,rank,0.264,0.736,0.25196619907270873,0.2763961695522295,5000,1320,3680,Uncertain,0.06,0.94,0.04803183708981859,0.04615708831090748
31,5,Joseph Baena,rank,0.5508,0.4492,0.5369786620490675,0.5645433365689543,5000,2754,2246,Uncertain,0.05499999999999999,0.9450000000000001,0.04588792507483847,0.0439019549170966
31,6,Jessie James Decker,rank,0.9608,0.0392,0.9550573107844406,0.9658351491207652,5000,4804,196,Definite-Wrongful,0.056999999999999995,0.9430000000000001,0.4052748570165253,0.4161093484546179
31,7,Jordin Sparks,rank,0.7524,0.2476,0.7402454033992679,0.7641670464272813,5000,3762,1238,Uncertain,0.05666666666666664,0.9433333333333334,0.11646005307265675,0.1038136569150104
31,8,Heidi D'Amelio,rank,0.719,0.281,0.7063763583612124,0.7312873758385272,5000,3595,1405,Uncertain,0.05625000000000002,0.94375,0.1263006766767929,0.11310440781015335
31,8,Vinny Guadagnino,rank,0.4854,0.5146,0.47156314001711264,0.4992592777029048,5000,2427,2573,Uncertain,0.06,0.94,0.12540059919441382,0.11097568940751584
31,9,Trevor Donovan,rank,0.5922,0.4078,0.5785126373775676,0.6057457931850624,5000,2961,2039,Uncertain,0.06,0.94,0.16302039679171007,0.14759542372086526
31,9,Daniel Durant,rank,0.6954,0.3046,0.6824968599724054,0.708003111089828,5000,3477,1523,Uncertain,0.05499999999999999,0.9450000000000001,0.167013546418953,0.1520283692727126
32,1,Matt Walsh,rank,1.0,0.0,0.9992322698624194,1.0,5000,5000,0,Definite-Wrongful,0.05785714285714283,0.9421428571428572,0.09858279557869096,0.06362397506817934
32,2,Jamie Lynn Spears,rank,1.0,0.0,0.9992322698624194,1.0,5000,5000,0,Definite-Wrongful,0.05076923076923079,0.9492307692307692,0.03921588266369869,0.03893113485437691
32,3,Tyson Beckford,rank,0.9998,0.0002,0.998867881829747,0.9999646951247276,5000,4999,1,Definite-Wrongful,0.06,0.94,0.0479591782709774,0.04769970592878979
32,4,Adrian Peterson,rank,1.0,0.0,0.9992322698624194,1.0,5000,5000,0,Definite-Wrongful,0.05181818181818182,0.9481818181818182,0.044579864230238124,0.04250336596462076
32,5,Mira Sorvino,rank,1.0,0.0,0.9992322698624194,1.0,5000,5000,0,Definite-Wrongful,0.05399999999999999,0.946,0.40696676720129404,0.41336695313977245
32,6,Mauricio Umansky,rank,0.878,0.122,0.8686367390633355,0.8867828569526536,5000,4390,610,Uncertain,0.04999999999999999,0.95,0.11097503090119198,0.09864336217254788
32,7,Lele Pons,rank,0.9956,0.0044,0.9933465688042807,0.9970924570833494,5000,4978,22,Definite-Wrongful,0.04125000000000001,0.95875,0.12273727109871352,0.10961923215395257
32,8,Barry Williams,rank,0.8864,0.1136,0.8773059279365567,0.8949007702131209,5000,4432,568,Uncertain,0.051428571428571435,0.9485714285714286,0.1428772603248518,0.12856914763180347
32,9,Harry Jowsey,rank,0.3998,0.6002,0.3863037761959144,0.4134500769236569,5000,1999,3001,Uncertain,0.06,0.94,0.15950700632879095,0.14303667730263914
33,2,Tori Spelling,rank,0.0,1.0,0.0,0.000767730137580694,5000,0,5000,Definite-Correct,0.05307692307692308,0.946923076923077,0.007830614236869909,0.007792129693870066
33,2,Anna Delvey,rank,1.0,0.0,0.9992322698624194,1.0,5000,5000,0,Definite-Wrongful,0.055384615384615365,0.9446153846153846,0.04337335241201306,0.04316301047787188
33,3,Eric Roberts,rank,0.914,0.086,0.9059073489744736,0.9214569704716098,5000,4570,430,Uncertain,0.05727272727272725,0.9427272727272727,0.20404357450605476,0.16097992722406645
33,3,Reginald VelJohnson,rank,0.152,0.848,0.14231585240279446,0.1622184877729617,5000,760,4240,Uncertain,0.06,0.94,0.05601819047079347,0.048941658913033245
33,4,Brooks Nader,rank,0.9712,0.0288,0.9661901590547631,0.9754863320635808,5000,4856,144,Definite-Wrongful,0.043333333333333335,0.9566666666666667,0.10787505317188015,0.09527600179176984
33,5,Phaedra Parks,rank,0.7284,0.2716,0.7158993333380734,0.7405499675350797,5000,3642,1358,Uncertain,0.05625000000000002,0.94375,0.12909575021874845,0.11550686984534517
33,6,Jenn Tran,rank,0.993,0.007,0.9902806229724375,0.994962395111908,5000,4965,35,Definite-Wrongful,0.04285714285714287,0.9571428571428571,0.14260764156833503,0.12837328088676508
33,7,Dwight Howard,rank,0.5938,0.4062,0.5801197947948096,0.6073361790313803,5000,2969,2031,Uncertain,0.06,0.94,0.16602827959826646,0.15107935857531932
34,2,Corey Feldman,rank,1.0,0.0,0.9992322698624194,1.0,5000,5000,0,Definite-Wrongful,0.06,0.94,0.35117472067079963,0.36036624565417097
34,2,Baron Davis,rank,1.0,0.0,0.9992322698624194,1.0,5000,5000,0,Definite-Wrongful,0.05357142857142855,0.9464285714285714,0.04068123308073277,0.04054649786256663
34,3,Lauren Jauregui,rank,0.9998,0.0002,0.998867881829747,0.9999646951247276,5000,4999,1,Definite-Wrongful,0.057499999999999996,0.9425,0.06780739784033228,0.0450757748333933
34,4,Hilaria Baldwin,rank,1.0,0.0,0.9992322698624194,1.0,5000,5000,0,Definite-Wrongful,0.046363636363636385,0.9536363636363636,0.04040785506066217,0.038062329858806296
34,6,Scott Hoying,rank,0.0,1.0,0.0,0.000767730137580694,5000,0,5000,Definite-Correct,0.056999999999999995,0.9430000000000001,0.00848750770150962,0.008460260307087538
34,7,Jen Affleck,rank,0.844,0.156,0.8336784573600691,0.8537933443052754,5000,4220,780,Uncertain,0.053333333333333344,0.9466666666666667,0.11308744667151256,0.10004047887726306
34,8,Danielle Fishel,rank,0.7632,0.2368,0.7512170402745181,0.7747788265810595,5000,3816,1184,Uncertain,0.05625000000000002,0.94375,0.13088885669142716,0.11681996329536797
34,9,Andy Richter,rank,0.5038,0.4962,0.48994351063544295,0.5176506546155114,5000,2519,2481,Uncertain,0.06,0.94,0.13849240515431047,0.12415822795844692
34,10,Whitney Leavitt,rank,0.988,0.012,0.984585187686808,0.9906655076989132,5000,4940,60,Definite-Wrongful,0.03999999999999998,0.96,0.16529640793182462,0.15101325530062643
